date,ad_id,campaign_id,platform,spend,leads
2026-04-17,C001-AD01,C001,Facebook,2470.22,6
2026-04-17,C001-AD02,C001,Facebook,4168.33,13
2026-04-17,C001-AD03,C001,Facebook,6633.72,26
2026-04-17,C001-AD04,C001,Facebook,2704.02,8
2026-04-17,C002-AD01,C002,Facebook,9802.22,28
2026-04-17,C002-AD02,C002,Facebook,2529.07,7
2026-04-17,C003-AD01,C003,Instagram,10106.97,17
2026-04-17,C003-AD02,C003,Instagram,5930.55,14
2026-04-17,C003-AD03,C003,Instagram,3475.47,9
2026-04-17,C003-AD04,C003,Instagram,6890.44,15
2026-04-17,C004-AD01,C004,Google,5456.81,12
2026-04-17,C004-AD02,C004,Google,7260.83,24
2026-04-17,C005-AD01,C005,Google,6403.29,21
2026-04-17,C005-AD02,C005,Google,7506.73,31
2026-04-17,C005-AD03,C005,Google,9039.54,23
2026-04-17,C005-AD04,C005,Google,15191.66,35
2026-04-17,C006-AD01,C006,TikTok,3753.97,9
2026-04-17,C006-AD02,C006,TikTok,4804.69,18
2026-04-17,C006-AD03,C006,TikTok,6028.57,14
2026-04-17,C007-AD01,C007,Referral,0.0,0
2026-04-17,C007-AD02,C007,Referral,0.0,1
2026-04-17,C008-AD01,C008,Email,0.0,1
2026-04-17,C008-AD02,C008,Email,0.0,1
2026-04-17,C009-AD01,C009,Organic,0.0,0
2026-04-17,C009-AD02,C009,Organic,0.0,1
2026-04-18,C001-AD01,C001,Facebook,2162.34,6
2026-04-18,C001-AD02,C001,Facebook,4967.23,15
2026-04-18,C001-AD03,C001,Facebook,5730.71,23
2026-04-18,C001-AD04,C001,Facebook,1655.17,4
2026-04-18,C002-AD01,C002,Facebook,9998.9,27
2026-04-18,C002-AD02,C002,Facebook,1827.88,3
2026-04-18,C003-AD01,C003,Instagram,9733.9,18
2026-04-18,C003-AD02,C003,Instagram,1558.86,4
2026-04-18,C003-AD03,C003,Instagram,3723.59,10
2026-04-18,C003-AD04,C003,Instagram,6334.83,13
2026-04-18,C004-AD01,C004,Google,4769.96,12
2026-04-18,C004-AD02,C004,Google,5178.98,17
2026-04-18,C005-AD01,C005,Google,6966.75,22
2026-04-18,C005-AD02,C005,Google,8374.63,35
2026-04-18,C005-AD03,C005,Google,2328.19,6
2026-04-18,C005-AD04,C005,Google,7783.38,17
2026-04-18,C006-AD01,C006,TikTok,2680.41,7
2026-04-18,C006-AD02,C006,TikTok,10163.6,39
2026-04-18,C006-AD03,C006,TikTok,4958.88,13
2026-04-18,C007-AD01,C007,Referral,0.0,3
2026-04-18,C007-AD02,C007,Referral,0.0,2
2026-04-18,C008-AD01,C008,Email,0.0,4
2026-04-18,C008-AD02,C008,Email,0.0,1
2026-04-18,C009-AD01,C009,Organic,0.0,1
2026-04-18,C009-AD02,C009,Organic,0.0,2
2026-04-19,C001-AD01,C001,Facebook,2845.07,10
2026-04-19,C001-AD02,C001,Facebook,3146.54,8
2026-04-19,C001-AD03,C001,Facebook,4863.96,18
2026-04-19,C001-AD04,C001,Facebook,1738.7,6
2026-04-19,C002-AD01,C002,Facebook,8167.07,24
2026-04-19,C002-AD02,C002,Facebook,2306.43,4
2026-04-19,C003-AD01,C003,Instagram,9897.76,17
2026-04-19,C003-AD02,C003,Instagram,5383.58,14
2026-04-19,C003-AD03,C003,Instagram,1994.21,4
2026-04-19,C003-AD04,C003,Instagram,5649.59,12
2026-04-19,C004-AD01,C004,Google,5201.26,10
2026-04-19,C004-AD02,C004,Google,6577.69,21
2026-04-19,C005-AD01,C005,Google,8093.09,25
2026-04-19,C005-AD02,C005,Google,5681.94,25
2026-04-19,C005-AD03,C005,Google,6624.11,17
2026-04-19,C005-AD04,C005,Google,5216.06,12
2026-04-19,C006-AD01,C006,TikTok,4406.49,9
2026-04-19,C006-AD02,C006,TikTok,3749.24,14
2026-04-19,C006-AD03,C006,TikTok,6591.52,15
2026-04-19,C007-AD01,C007,Referral,0.0,2
2026-04-19,C007-AD02,C007,Referral,0.0,1
2026-04-19,C008-AD01,C008,Email,0.0,0
2026-04-19,C008-AD02,C008,Email,0.0,2
2026-04-19,C009-AD01,C009,Organic,0.0,3
2026-04-19,C009-AD02,C009,Organic,0.0,0
2026-04-20,C001-AD01,C001,Facebook,1603.59,4
2026-04-20,C001-AD02,C001,Facebook,6460.97,20
2026-04-20,C001-AD03,C001,Facebook,5857.59,23
2026-04-20,C001-AD04,C001,Facebook,2166.95,8
2026-04-20,C002-AD01,C002,Facebook,7185.28,21
2026-04-20,C002-AD02,C002,Facebook,3369.26,6
2026-04-20,C003-AD01,C003,Instagram,15501.87,27
2026-04-20,C003-AD02,C003,Instagram,3131.73,9
2026-04-20,C003-AD03,C003,Instagram,3845.26,10
2026-04-20,C003-AD04,C003,Instagram,9236.6,19
2026-04-20,C004-AD01,C004,Google,4890.99,10
2026-04-20,C004-AD02,C004,Google,6317.02,20
2026-04-20,C005-AD01,C005,Google,7966.43,25
2026-04-20,C005-AD02,C005,Google,6408.77,29
2026-04-20,C005-AD03,C005,Google,11036.01,29
2026-04-20,C005-AD04,C005,Google,9827.52,21
2026-04-20,C006-AD01,C006,TikTok,3579.68,7
2026-04-20,C006-AD02,C006,TikTok,6220.56,24
2026-04-20,C006-AD03,C006,TikTok,8435.32,20
2026-04-20,C007-AD01,C007,Referral,0.0,0
2026-04-20,C007-AD02,C007,Referral,0.0,2
2026-04-20,C008-AD01,C008,Email,0.0,1
2026-04-20,C008-AD02,C008,Email,0.0,0
2026-04-20,C009-AD01,C009,Organic,0.0,0
2026-04-20,C009-AD02,C009,Organic,0.0,1
2026-04-21,C001-AD01,C001,Facebook,1898.27,5
2026-04-21,C001-AD02,C001,Facebook,5182.35,17
2026-04-21,C001-AD03,C001,Facebook,6118.81,25
2026-04-21,C001-AD04,C001,Facebook,1880.54,7
2026-04-21,C002-AD01,C002,Facebook,6126.9,16
2026-04-21,C002-AD02,C002,Facebook,2490.14,6
2026-04-21,C003-AD01,C003,Instagram,8807.5,16
2026-04-21,C003-AD02,C003,Instagram,3166.93,8
2026-04-21,C003-AD03,C003,Instagram,3296.46,9
2026-04-21,C003-AD04,C003,Instagram,10238.91,20
2026-04-21,C004-AD01,C004,Google,7699.74,17
2026-04-21,C004-AD02,C004,Google,5934.19,17
2026-04-21,C005-AD01,C005,Google,9728.06,31
2026-04-21,C005-AD02,C005,Google,7065.2,29
2026-04-21,C005-AD03,C005,Google,9283.41,24
2026-04-21,C005-AD04,C005,Google,8081.47,17
2026-04-21,C006-AD01,C006,TikTok,2028.97,5
2026-04-21,C006-AD02,C006,TikTok,9768.64,37
2026-04-21,C006-AD03,C006,TikTok,11079.42,26
2026-04-21,C007-AD01,C007,Referral,0.0,2
2026-04-21,C007-AD02,C007,Referral,0.0,2
2026-04-21,C008-AD01,C008,Email,0.0,0
2026-04-21,C008-AD02,C008,Email,0.0,1
2026-04-21,C009-AD01,C009,Organic,0.0,1
2026-04-21,C009-AD02,C009,Organic,0.0,3
2026-04-22,C001-AD01,C001,Facebook,2111.28,4
2026-04-22,C001-AD02,C001,Facebook,6232.81,20
2026-04-22,C001-AD03,C001,Facebook,7787.08,29
2026-04-22,C001-AD04,C001,Facebook,1961.19,8
2026-04-22,C002-AD01,C002,Facebook,8023.65,21
2026-04-22,C002-AD02,C002,Facebook,2285.92,4
2026-04-22,C003-AD01,C003,Instagram,13249.59,23
2026-04-22,C003-AD02,C003,Instagram,6369.93,16
2026-04-22,C003-AD03,C003,Instagram,2652.23,8
2026-04-22,C003-AD04,C003,Instagram,8946.73,17
2026-04-22,C004-AD01,C004,Google,4803.23,11
2026-04-22,C004-AD02,C004,Google,4873.13,15
2026-04-22,C005-AD01,C005,Google,5818.47,20
2026-04-22,C005-AD02,C005,Google,12694.05,55
2026-04-22,C005-AD03,C005,Google,5282.59,13
2026-04-22,C005-AD04,C005,Google,6951.82,17
2026-04-22,C006-AD01,C006,TikTok,913.51,4
2026-04-22,C006-AD02,C006,TikTok,9159.97,34
2026-04-22,C006-AD03,C006,TikTok,11189.17,26
2026-04-22,C007-AD01,C007,Referral,0.0,4
2026-04-22,C007-AD02,C007,Referral,0.0,1
2026-04-22,C008-AD01,C008,Email,0.0,2
2026-04-22,C008-AD02,C008,Email,0.0,3
2026-04-22,C009-AD01,C009,Organic,0.0,0
2026-04-22,C009-AD02,C009,Organic,0.0,2
2026-04-23,C001-AD01,C001,Facebook,3522.1,12
2026-04-23,C001-AD02,C001,Facebook,5963.83,19
2026-04-23,C001-AD03,C001,Facebook,6160.71,23
2026-04-23,C001-AD04,C001,Facebook,2863.31,9
2026-04-23,C002-AD01,C002,Facebook,10484.41,29
2026-04-23,C002-AD02,C002,Facebook,1664.95,2
2026-04-23,C003-AD01,C003,Instagram,10617.66,18
2026-04-23,C003-AD02,C003,Instagram,3307.03,7
2026-04-23,C003-AD03,C003,Instagram,2158.59,6
2026-04-23,C003-AD04,C003,Instagram,9815.73,20
2026-04-23,C004-AD01,C004,Google,5492.8,13
2026-04-23,C004-AD02,C004,Google,6422.14,17
2026-04-23,C005-AD01,C005,Google,5296.92,18
2026-04-23,C005-AD02,C005,Google,9401.24,39
2026-04-23,C005-AD03,C005,Google,12531.0,34
2026-04-23,C005-AD04,C005,Google,9476.74,21
2026-04-23,C006-AD01,C006,TikTok,4522.17,12
2026-04-23,C006-AD02,C006,TikTok,8851.35,34
2026-04-23,C006-AD03,C006,TikTok,8230.37,19
2026-04-23,C007-AD01,C007,Referral,0.0,0
2026-04-23,C007-AD02,C007,Referral,0.0,0
2026-04-23,C008-AD01,C008,Email,0.0,2
2026-04-23,C008-AD02,C008,Email,0.0,2
2026-04-23,C009-AD01,C009,Organic,0.0,5
2026-04-23,C009-AD02,C009,Organic,0.0,1
2026-04-24,C001-AD01,C001,Facebook,2827.7,8
2026-04-24,C001-AD02,C001,Facebook,4035.85,12
2026-04-24,C001-AD03,C001,Facebook,4326.07,15
2026-04-24,C001-AD04,C001,Facebook,2066.88,6
2026-04-24,C002-AD01,C002,Facebook,7511.61,20
2026-04-24,C002-AD02,C002,Facebook,2310.12,4
2026-04-24,C003-AD01,C003,Instagram,6895.06,12
2026-04-24,C003-AD02,C003,Instagram,5249.61,13
2026-04-24,C003-AD03,C003,Instagram,3143.9,9
2026-04-24,C003-AD04,C003,Instagram,5889.2,13
2026-04-24,C004-AD01,C004,Google,7009.67,18
2026-04-24,C004-AD02,C004,Google,5563.16,18
2026-04-24,C005-AD01,C005,Google,7307.09,24
2026-04-24,C005-AD02,C005,Google,9147.03,41
2026-04-24,C005-AD03,C005,Google,11026.86,29
2026-04-24,C005-AD04,C005,Google,11136.48,26
2026-04-24,C006-AD01,C006,TikTok,3889.34,10
2026-04-24,C006-AD02,C006,TikTok,8194.14,30
2026-04-24,C006-AD03,C006,TikTok,7860.27,18
2026-04-24,C007-AD01,C007,Referral,0.0,0
2026-04-24,C007-AD02,C007,Referral,0.0,0
2026-04-24,C008-AD01,C008,Email,0.0,0
2026-04-24,C008-AD02,C008,Email,0.0,0
2026-04-24,C009-AD01,C009,Organic,0.0,1
2026-04-24,C009-AD02,C009,Organic,0.0,1
2026-04-25,C001-AD01,C001,Facebook,2404.36,8
2026-04-25,C001-AD02,C001,Facebook,4060.96,12
2026-04-25,C001-AD03,C001,Facebook,4811.3,17
2026-04-25,C001-AD04,C001,Facebook,1761.23,3
2026-04-25,C002-AD01,C002,Facebook,7529.28,20
2026-04-25,C002-AD02,C002,Facebook,1919.82,4
2026-04-25,C003-AD01,C003,Instagram,11285.22,21
2026-04-25,C003-AD02,C003,Instagram,3037.51,8
2026-04-25,C003-AD03,C003,Instagram,953.2,3
2026-04-25,C003-AD04,C003,Instagram,7879.52,15
2026-04-25,C004-AD01,C004,Google,5263.69,12
2026-04-25,C004-AD02,C004,Google,6136.04,18
2026-04-25,C005-AD01,C005,Google,6096.88,19
2026-04-25,C005-AD02,C005,Google,8780.72,37
2026-04-25,C005-AD03,C005,Google,5675.52,14
2026-04-25,C005-AD04,C005,Google,9089.41,21
2026-04-25,C006-AD01,C006,TikTok,2788.37,7
2026-04-25,C006-AD02,C006,TikTok,6310.39,22
2026-04-25,C006-AD03,C006,TikTok,8329.97,18
2026-04-25,C007-AD01,C007,Referral,0.0,1
2026-04-25,C007-AD02,C007,Referral,0.0,1
2026-04-25,C008-AD01,C008,Email,0.0,2
2026-04-25,C008-AD02,C008,Email,0.0,1
2026-04-25,C009-AD01,C009,Organic,0.0,3
2026-04-25,C009-AD02,C009,Organic,0.0,0
2026-04-26,C001-AD01,C001,Facebook,2281.3,8
2026-04-26,C001-AD02,C001,Facebook,2723.67,8
2026-04-26,C001-AD03,C001,Facebook,5862.74,22
2026-04-26,C001-AD04,C001,Facebook,983.23,3
2026-04-26,C002-AD01,C002,Facebook,6191.79,17
2026-04-26,C002-AD02,C002,Facebook,2555.91,6
2026-04-26,C003-AD01,C003,Instagram,3376.65,5
2026-04-26,C003-AD02,C003,Instagram,5218.35,13
2026-04-26,C003-AD03,C003,Instagram,2420.65,5
2026-04-26,C003-AD04,C003,Instagram,7022.82,14
2026-04-26,C004-AD01,C004,Google,5822.15,13
2026-04-26,C004-AD02,C004,Google,4992.83,14
2026-04-26,C005-AD01,C005,Google,8586.86,29
2026-04-26,C005-AD02,C005,Google,6743.13,29
2026-04-26,C005-AD03,C005,Google,7867.0,20
2026-04-26,C005-AD04,C005,Google,7505.57,17
2026-04-26,C006-AD01,C006,TikTok,3464.63,9
2026-04-26,C006-AD02,C006,TikTok,6010.41,21
2026-04-26,C006-AD03,C006,TikTok,6143.45,13
2026-04-26,C007-AD01,C007,Referral,0.0,0
2026-04-26,C007-AD02,C007,Referral,0.0,0
2026-04-26,C008-AD01,C008,Email,0.0,0
2026-04-26,C008-AD02,C008,Email,0.0,4
2026-04-26,C009-AD01,C009,Organic,0.0,2
2026-04-26,C009-AD02,C009,Organic,0.0,1
2026-04-27,C001-AD01,C001,Facebook,2413.73,5
2026-04-27,C001-AD02,C001,Facebook,4030.42,11
2026-04-27,C001-AD03,C001,Facebook,7203.84,27
2026-04-27,C001-AD04,C001,Facebook,2076.69,6
2026-04-27,C002-AD01,C002,Facebook,6012.53,16
2026-04-27,C002-AD02,C002,Facebook,2877.08,5
2026-04-27,C003-AD01,C003,Instagram,11226.94,21
2026-04-27,C003-AD02,C003,Instagram,4342.1,11
2026-04-27,C003-AD03,C003,Instagram,1170.75,3
2026-04-27,C003-AD04,C003,Instagram,5868.82,12
2026-04-27,C004-AD01,C004,Google,7225.17,17
2026-04-27,C004-AD02,C004,Google,2445.99,8
2026-04-27,C005-AD01,C005,Google,5969.02,20
2026-04-27,C005-AD02,C005,Google,5123.0,21
2026-04-27,C005-AD03,C005,Google,8482.74,21
2026-04-27,C005-AD04,C005,Google,9416.27,21
2026-04-27,C006-AD01,C006,TikTok,3950.24,10
2026-04-27,C006-AD02,C006,TikTok,5857.65,22
2026-04-27,C006-AD03,C006,TikTok,6391.09,15
2026-04-27,C007-AD01,C007,Referral,0.0,1
2026-04-27,C007-AD02,C007,Referral,0.0,1
2026-04-27,C008-AD01,C008,Email,0.0,2
2026-04-27,C008-AD02,C008,Email,0.0,0
2026-04-27,C009-AD01,C009,Organic,0.0,2
2026-04-27,C009-AD02,C009,Organic,0.0,4
2026-04-28,C001-AD01,C001,Facebook,2729.42,7
2026-04-28,C001-AD02,C001,Facebook,2486.05,9
2026-04-28,C001-AD03,C001,Facebook,7030.04,27
2026-04-28,C001-AD04,C001,Facebook,2782.17,8
2026-04-28,C002-AD01,C002,Facebook,9255.11,24
2026-04-28,C002-AD02,C002,Facebook,1998.03,4
2026-04-28,C003-AD01,C003,Instagram,9594.46,17
2026-04-28,C003-AD02,C003,Instagram,6024.72,15
2026-04-28,C003-AD03,C003,Instagram,4458.14,14
2026-04-28,C003-AD04,C003,Instagram,6522.96,12
2026-04-28,C004-AD01,C004,Google,7508.13,18
2026-04-28,C004-AD02,C004,Google,6026.47,18
2026-04-28,C005-AD01,C005,Google,8572.22,27
2026-04-28,C005-AD02,C005,Google,6654.08,27
2026-04-28,C005-AD03,C005,Google,6043.9,16
2026-04-28,C005-AD04,C005,Google,9130.83,18
2026-04-28,C006-AD01,C006,TikTok,4446.96,10
2026-04-28,C006-AD02,C006,TikTok,8060.54,30
2026-04-28,C006-AD03,C006,TikTok,7579.26,17
2026-04-28,C007-AD01,C007,Referral,0.0,5
2026-04-28,C007-AD02,C007,Referral,0.0,2
2026-04-28,C008-AD01,C008,Email,0.0,0
2026-04-28,C008-AD02,C008,Email,0.0,2
2026-04-28,C009-AD01,C009,Organic,0.0,3
2026-04-28,C009-AD02,C009,Organic,0.0,0
2026-04-29,C001-AD01,C001,Facebook,3370.97,10
2026-04-29,C001-AD02,C001,Facebook,5686.42,19
2026-04-29,C001-AD03,C001,Facebook,6429.62,23
2026-04-29,C001-AD04,C001,Facebook,3692.43,11
2026-04-29,C002-AD01,C002,Facebook,5596.44,17
2026-04-29,C002-AD02,C002,Facebook,2201.09,7
2026-04-29,C003-AD01,C003,Instagram,6887.68,12
2026-04-29,C003-AD02,C003,Instagram,5030.66,13
2026-04-29,C003-AD03,C003,Instagram,3552.46,10
2026-04-29,C003-AD04,C003,Instagram,11477.32,24
2026-04-29,C004-AD01,C004,Google,5838.35,15
2026-04-29,C004-AD02,C004,Google,6181.42,18
2026-04-29,C005-AD01,C005,Google,8573.94,29
2026-04-29,C005-AD02,C005,Google,9123.01,40
2026-04-29,C005-AD03,C005,Google,6938.91,18
2026-04-29,C005-AD04,C005,Google,10265.91,24
2026-04-29,C006-AD01,C006,TikTok,3888.25,9
2026-04-29,C006-AD02,C006,TikTok,6546.56,24
2026-04-29,C006-AD03,C006,TikTok,6565.83,15
2026-04-29,C007-AD01,C007,Referral,0.0,1
2026-04-29,C007-AD02,C007,Referral,0.0,3
2026-04-29,C008-AD01,C008,Email,0.0,2
2026-04-29,C008-AD02,C008,Email,0.0,2
2026-04-29,C009-AD01,C009,Organic,0.0,1
2026-04-29,C009-AD02,C009,Organic,0.0,1
2026-04-30,C001-AD01,C001,Facebook,3106.35,8
2026-04-30,C001-AD02,C001,Facebook,4206.43,12
2026-04-30,C001-AD03,C001,Facebook,6016.61,23
2026-04-30,C001-AD04,C001,Facebook,2098.12,5
2026-04-30,C002-AD01,C002,Facebook,4997.11,16
2026-04-30,C002-AD02,C002,Facebook,2051.83,4
2026-04-30,C003-AD01,C003,Instagram,4985.39,9
2026-04-30,C003-AD02,C003,Instagram,4361.49,10
2026-04-30,C003-AD03,C003,Instagram,2378.28,6
2026-04-30,C003-AD04,C003,Instagram,5535.03,12
2026-04-30,C004-AD01,C004,Google,8370.95,19
2026-04-30,C004-AD02,C004,Google,7610.53,24
2026-04-30,C005-AD01,C005,Google,8367.06,28
2026-04-30,C005-AD02,C005,Google,11635.91,49
2026-04-30,C005-AD03,C005,Google,8195.91,22
2026-04-30,C005-AD04,C005,Google,9592.13,20
2026-04-30,C006-AD01,C006,TikTok,3151.16,8
2026-04-30,C006-AD02,C006,TikTok,6177.13,25
2026-04-30,C006-AD03,C006,TikTok,13358.84,30
2026-04-30,C007-AD01,C007,Referral,0.0,3
2026-04-30,C007-AD02,C007,Referral,0.0,2
2026-04-30,C008-AD01,C008,Email,0.0,2
2026-04-30,C008-AD02,C008,Email,0.0,2
2026-04-30,C009-AD01,C009,Organic,0.0,2
2026-04-30,C009-AD02,C009,Organic,0.0,2
2026-05-01,C001-AD01,C001,Facebook,2330.51,5
2026-05-01,C001-AD02,C001,Facebook,4496.29,14
2026-05-01,C001-AD03,C001,Facebook,5628.42,21
2026-05-01,C001-AD04,C001,Facebook,2100.7,6
2026-05-01,C002-AD01,C002,Facebook,12889.73,36
2026-05-01,C002-AD02,C002,Facebook,2344.35,7
2026-05-01,C003-AD01,C003,Instagram,14509.21,26
2026-05-01,C003-AD02,C003,Instagram,2453.21,5
2026-05-01,C003-AD03,C003,Instagram,3690.07,11
2026-05-01,C003-AD04,C003,Instagram,7795.99,17
2026-05-01,C004-AD01,C004,Google,5115.58,12
2026-05-01,C004-AD02,C004,Google,4780.33,13
2026-05-01,C005-AD01,C005,Google,7495.89,25
2026-05-01,C005-AD02,C005,Google,10698.74,45
2026-05-01,C005-AD03,C005,Google,8925.59,22
2026-05-01,C005-AD04,C005,Google,15868.07,36
2026-05-01,C006-AD01,C006,TikTok,3451.04,10
2026-05-01,C006-AD02,C006,TikTok,9339.69,35
2026-05-01,C006-AD03,C006,TikTok,8063.2,17
2026-05-01,C007-AD01,C007,Referral,0.0,0
2026-05-01,C007-AD02,C007,Referral,0.0,1
2026-05-01,C008-AD01,C008,Email,0.0,1
2026-05-01,C008-AD02,C008,Email,0.0,2
2026-05-01,C009-AD01,C009,Organic,0.0,1
2026-05-01,C009-AD02,C009,Organic,0.0,2
2026-05-02,C001-AD01,C001,Facebook,1921.67,5
2026-05-02,C001-AD02,C001,Facebook,3796.86,13
2026-05-02,C001-AD03,C001,Facebook,3235.58,12
2026-05-02,C001-AD04,C001,Facebook,3083.66,9
2026-05-02,C002-AD01,C002,Facebook,11981.08,34
2026-05-02,C002-AD02,C002,Facebook,2036.73,5
2026-05-02,C003-AD01,C003,Instagram,9796.59,14
2026-05-02,C003-AD02,C003,Instagram,4288.65,11
2026-05-02,C003-AD03,C003,Instagram,2222.92,7
2026-05-02,C003-AD04,C003,Instagram,7359.24,15
2026-05-02,C004-AD01,C004,Google,1839.25,3
2026-05-02,C004-AD02,C004,Google,4018.73,14
2026-05-02,C005-AD01,C005,Google,3301.02,11
2026-05-02,C005-AD02,C005,Google,4907.54,21
2026-05-02,C005-AD03,C005,Google,7481.59,17
2026-05-02,C005-AD04,C005,Google,8715.2,20
2026-05-02,C006-AD01,C006,TikTok,3612.57,8
2026-05-02,C006-AD02,C006,TikTok,6406.27,23
2026-05-02,C006-AD03,C006,TikTok,6673.27,16
2026-05-02,C007-AD01,C007,Referral,0.0,3
2026-05-02,C007-AD02,C007,Referral,0.0,2
2026-05-02,C008-AD01,C008,Email,0.0,2
2026-05-02,C008-AD02,C008,Email,0.0,1
2026-05-02,C009-AD01,C009,Organic,0.0,2
2026-05-02,C009-AD02,C009,Organic,0.0,1
2026-05-03,C001-AD01,C001,Facebook,1292.87,3
2026-05-03,C001-AD02,C001,Facebook,3679.89,11
2026-05-03,C001-AD03,C001,Facebook,5440.53,22
2026-05-03,C001-AD04,C001,Facebook,1013.75,2
2026-05-03,C002-AD01,C002,Facebook,7995.08,23
2026-05-03,C002-AD02,C002,Facebook,733.0,0
2026-05-03,C003-AD01,C003,Instagram,7629.83,14
2026-05-03,C003-AD02,C003,Instagram,6267.26,17
2026-05-03,C003-AD03,C003,Instagram,3171.4,9
2026-05-03,C003-AD04,C003,Instagram,4713.38,10
2026-05-03,C004-AD01,C004,Google,6853.7,15
2026-05-03,C004-AD02,C004,Google,4833.74,15
2026-05-03,C005-AD01,C005,Google,6204.0,19
2026-05-03,C005-AD02,C005,Google,7666.33,33
2026-05-03,C005-AD03,C005,Google,6097.43,17
2026-05-03,C005-AD04,C005,Google,8734.86,20
2026-05-03,C006-AD01,C006,TikTok,3855.83,8
2026-05-03,C006-AD02,C006,TikTok,4465.98,16
2026-05-03,C006-AD03,C006,TikTok,6446.35,15
2026-05-03,C007-AD01,C007,Referral,0.0,1
2026-05-03,C007-AD02,C007,Referral,0.0,1
2026-05-03,C008-AD01,C008,Email,0.0,1
2026-05-03,C008-AD02,C008,Email,0.0,2
2026-05-03,C009-AD01,C009,Organic,0.0,0
2026-05-03,C009-AD02,C009,Organic,0.0,3
2026-05-04,C001-AD01,C001,Facebook,2310.01,7
2026-05-04,C001-AD02,C001,Facebook,4412.73,14
2026-05-04,C001-AD03,C001,Facebook,3622.29,13
2026-05-04,C001-AD04,C001,Facebook,1610.52,5
2026-05-04,C002-AD01,C002,Facebook,7731.03,23
2026-05-04,C002-AD02,C002,Facebook,2541.83,5
2026-05-04,C003-AD01,C003,Instagram,7940.55,13
2026-05-04,C003-AD02,C003,Instagram,3587.18,8
2026-05-04,C003-AD03,C003,Instagram,2675.6,9
2026-05-04,C003-AD04,C003,Instagram,11226.27,23
2026-05-04,C004-AD01,C004,Google,6490.04,16
2026-05-04,C004-AD02,C004,Google,8450.78,27
2026-05-04,C005-AD01,C005,Google,7506.14,26
2026-05-04,C005-AD02,C005,Google,5056.95,23
2026-05-04,C005-AD03,C005,Google,10638.36,27
2026-05-04,C005-AD04,C005,Google,9799.22,22
2026-05-04,C006-AD01,C006,TikTok,2369.17,5
2026-05-04,C006-AD02,C006,TikTok,4937.56,18
2026-05-04,C006-AD03,C006,TikTok,8533.08,19
2026-05-04,C007-AD01,C007,Referral,0.0,3
2026-05-04,C007-AD02,C007,Referral,0.0,2
2026-05-04,C008-AD01,C008,Email,0.0,0
2026-05-04,C008-AD02,C008,Email,0.0,2
2026-05-04,C009-AD01,C009,Organic,0.0,0
2026-05-04,C009-AD02,C009,Organic,0.0,2
2026-05-05,C001-AD01,C001,Facebook,2336.29,6
2026-05-05,C001-AD02,C001,Facebook,3587.68,12
2026-05-05,C001-AD03,C001,Facebook,5137.16,19
2026-05-05,C001-AD04,C001,Facebook,1600.62,4
2026-05-05,C002-AD01,C002,Facebook,6228.7,17
2026-05-05,C002-AD02,C002,Facebook,2440.93,3
2026-05-05,C003-AD01,C003,Instagram,11667.2,20
2026-05-05,C003-AD02,C003,Instagram,2244.28,7
2026-05-05,C003-AD03,C003,Instagram,2998.02,9
2026-05-05,C003-AD04,C003,Instagram,8646.56,18
2026-05-05,C004-AD01,C004,Google,3139.38,8
2026-05-05,C004-AD02,C004,Google,7098.97,22
2026-05-05,C005-AD01,C005,Google,7084.82,25
2026-05-05,C005-AD02,C005,Google,9163.49,40
2026-05-05,C005-AD03,C005,Google,8071.36,22
2026-05-05,C005-AD04,C005,Google,11747.7,26
2026-05-05,C006-AD01,C006,TikTok,4186.19,8
2026-05-05,C006-AD02,C006,TikTok,4137.62,15
2026-05-05,C006-AD03,C006,TikTok,10905.0,24
2026-05-05,C007-AD01,C007,Referral,0.0,0
2026-05-05,C007-AD02,C007,Referral,0.0,0
2026-05-05,C008-AD01,C008,Email,0.0,2
2026-05-05,C008-AD02,C008,Email,0.0,4
2026-05-05,C009-AD01,C009,Organic,0.0,3
2026-05-05,C009-AD02,C009,Organic,0.0,2
2026-05-06,C001-AD01,C001,Facebook,2894.8,8
2026-05-06,C001-AD02,C001,Facebook,4229.77,12
2026-05-06,C001-AD03,C001,Facebook,6136.13,24
2026-05-06,C001-AD04,C001,Facebook,2251.65,6
2026-05-06,C002-AD01,C002,Facebook,12852.66,35
2026-05-06,C002-AD02,C002,Facebook,3115.17,6
2026-05-06,C003-AD01,C003,Instagram,5519.87,12
2026-05-06,C003-AD02,C003,Instagram,6814.6,16
2026-05-06,C003-AD03,C003,Instagram,3355.37,8
2026-05-06,C003-AD04,C003,Instagram,5996.91,13
2026-05-06,C004-AD01,C004,Google,8540.92,19
2026-05-06,C004-AD02,C004,Google,4557.45,15
2026-05-06,C005-AD01,C005,Google,8354.21,27
2026-05-06,C005-AD02,C005,Google,10457.15,46
2026-05-06,C005-AD03,C005,Google,6373.59,17
2026-05-06,C005-AD04,C005,Google,3874.93,8
2026-05-06,C006-AD01,C006,TikTok,3033.45,7
2026-05-06,C006-AD02,C006,TikTok,3782.5,13
2026-05-06,C006-AD03,C006,TikTok,5048.35,10
2026-05-06,C007-AD01,C007,Referral,0.0,0
2026-05-06,C007-AD02,C007,Referral,0.0,3
2026-05-06,C008-AD01,C008,Email,0.0,2
2026-05-06,C008-AD02,C008,Email,0.0,1
2026-05-06,C009-AD01,C009,Organic,0.0,3
2026-05-06,C009-AD02,C009,Organic,0.0,3
2026-05-07,C001-AD01,C001,Facebook,3947.43,11
2026-05-07,C001-AD02,C001,Facebook,4026.84,13
2026-05-07,C001-AD03,C001,Facebook,5168.94,20
2026-05-07,C001-AD04,C001,Facebook,3424.64,11
2026-05-07,C002-AD01,C002,Facebook,13577.59,36
2026-05-07,C002-AD02,C002,Facebook,2572.35,5
2026-05-07,C003-AD01,C003,Instagram,7821.61,12
2026-05-07,C003-AD02,C003,Instagram,4848.63,11
2026-05-07,C003-AD03,C003,Instagram,3414.58,9
2026-05-07,C003-AD04,C003,Instagram,3263.38,6
2026-05-07,C004-AD01,C004,Google,7922.77,18
2026-05-07,C004-AD02,C004,Google,8727.05,27
2026-05-07,C005-AD01,C005,Google,4465.73,16
2026-05-07,C005-AD02,C005,Google,9103.27,37
2026-05-07,C005-AD03,C005,Google,8510.06,24
2026-05-07,C005-AD04,C005,Google,8279.93,18
2026-05-07,C006-AD01,C006,TikTok,3044.95,6
2026-05-07,C006-AD02,C006,TikTok,4571.35,16
2026-05-07,C006-AD03,C006,TikTok,6176.75,15
2026-05-07,C007-AD01,C007,Referral,0.0,2
2026-05-07,C007-AD02,C007,Referral,0.0,0
2026-05-07,C008-AD01,C008,Email,0.0,3
2026-05-07,C008-AD02,C008,Email,0.0,1
2026-05-07,C009-AD01,C009,Organic,0.0,4
2026-05-07,C009-AD02,C009,Organic,0.0,1
2026-05-08,C001-AD01,C001,Facebook,1741.83,6
2026-05-08,C001-AD02,C001,Facebook,5182.43,17
2026-05-08,C001-AD03,C001,Facebook,5998.68,22
2026-05-08,C001-AD04,C001,Facebook,1897.61,8
2026-05-08,C002-AD01,C002,Facebook,6465.93,20
2026-05-08,C002-AD02,C002,Facebook,2766.69,7
2026-05-08,C003-AD01,C003,Instagram,8087.47,15
2026-05-08,C003-AD02,C003,Instagram,7509.53,20
2026-05-08,C003-AD03,C003,Instagram,2612.54,8
2026-05-08,C003-AD04,C003,Instagram,6920.92,14
2026-05-08,C004-AD01,C004,Google,8134.13,19
2026-05-08,C004-AD02,C004,Google,4570.35,13
2026-05-08,C005-AD01,C005,Google,10719.89,36
2026-05-08,C005-AD02,C005,Google,9206.25,40
2026-05-08,C005-AD03,C005,Google,7051.5,18
2026-05-08,C005-AD04,C005,Google,6169.34,13
2026-05-08,C006-AD01,C006,TikTok,4476.07,11
2026-05-08,C006-AD02,C006,TikTok,8592.12,30
2026-05-08,C006-AD03,C006,TikTok,5292.38,14
2026-05-08,C007-AD01,C007,Referral,0.0,1
2026-05-08,C007-AD02,C007,Referral,0.0,2
2026-05-08,C008-AD01,C008,Email,0.0,1
2026-05-08,C008-AD02,C008,Email,0.0,4
2026-05-08,C009-AD01,C009,Organic,0.0,2
2026-05-08,C009-AD02,C009,Organic,0.0,1
2026-05-09,C001-AD01,C001,Facebook,1890.16,3
2026-05-09,C001-AD02,C001,Facebook,4726.61,13
2026-05-09,C001-AD03,C001,Facebook,4014.5,14
2026-05-09,C001-AD04,C001,Facebook,1639.94,4
2026-05-09,C002-AD01,C002,Facebook,9157.28,26
2026-05-09,C002-AD02,C002,Facebook,2450.17,5
2026-05-09,C003-AD01,C003,Instagram,12210.79,21
2026-05-09,C003-AD02,C003,Instagram,5622.7,16
2026-05-09,C003-AD03,C003,Instagram,2010.46,5
2026-05-09,C003-AD04,C003,Instagram,6173.58,12
2026-05-09,C004-AD01,C004,Google,7357.99,16
2026-05-09,C004-AD02,C004,Google,5746.17,18
2026-05-09,C005-AD01,C005,Google,4530.97,15
2026-05-09,C005-AD02,C005,Google,9454.59,40
2026-05-09,C005-AD03,C005,Google,7028.38,19
2026-05-09,C005-AD04,C005,Google,7070.93,16
2026-05-09,C006-AD01,C006,TikTok,3601.35,9
2026-05-09,C006-AD02,C006,TikTok,8803.65,33
2026-05-09,C006-AD03,C006,TikTok,8620.85,19
2026-05-09,C007-AD01,C007,Referral,0.0,3
2026-05-09,C007-AD02,C007,Referral,0.0,0
2026-05-09,C008-AD01,C008,Email,0.0,1
2026-05-09,C008-AD02,C008,Email,0.0,3
2026-05-09,C009-AD01,C009,Organic,0.0,0
2026-05-09,C009-AD02,C009,Organic,0.0,3
2026-05-10,C001-AD01,C001,Facebook,2722.74,6
2026-05-10,C001-AD02,C001,Facebook,4895.03,15
2026-05-10,C001-AD03,C001,Facebook,4501.08,18
2026-05-10,C001-AD04,C001,Facebook,1230.58,3
2026-05-10,C002-AD01,C002,Facebook,6893.42,20
2026-05-10,C002-AD02,C002,Facebook,2632.33,6
2026-05-10,C003-AD01,C003,Instagram,6064.09,10
2026-05-10,C003-AD02,C003,Instagram,6214.38,15
2026-05-10,C003-AD03,C003,Instagram,2596.2,8
2026-05-10,C003-AD04,C003,Instagram,7260.35,13
2026-05-10,C004-AD01,C004,Google,7518.2,16
2026-05-10,C004-AD02,C004,Google,4977.06,14
2026-05-10,C005-AD01,C005,Google,5660.75,18
2026-05-10,C005-AD02,C005,Google,6269.25,28
2026-05-10,C005-AD03,C005,Google,6119.0,16
2026-05-10,C005-AD04,C005,Google,7643.37,18
2026-05-10,C006-AD01,C006,TikTok,3396.93,7
2026-05-10,C006-AD02,C006,TikTok,5015.38,17
2026-05-10,C006-AD03,C006,TikTok,7584.86,18
2026-05-10,C007-AD01,C007,Referral,0.0,4
2026-05-10,C007-AD02,C007,Referral,0.0,2
2026-05-10,C008-AD01,C008,Email,0.0,3
2026-05-10,C008-AD02,C008,Email,0.0,1
2026-05-10,C009-AD01,C009,Organic,0.0,1
2026-05-10,C009-AD02,C009,Organic,0.0,4
2026-05-11,C001-AD01,C001,Facebook,1719.34,4
2026-05-11,C001-AD02,C001,Facebook,2720.84,8
2026-05-11,C001-AD03,C001,Facebook,6011.22,23
2026-05-11,C001-AD04,C001,Facebook,1067.99,4
2026-05-11,C002-AD01,C002,Facebook,13181.8,38
2026-05-11,C002-AD02,C002,Facebook,3529.76,6
2026-05-11,C003-AD01,C003,Instagram,10916.49,19
2026-05-11,C003-AD02,C003,Instagram,4275.55,11
2026-05-11,C003-AD03,C003,Instagram,4559.59,13
2026-05-11,C003-AD04,C003,Instagram,10199.76,22
2026-05-11,C004-AD01,C004,Google,9365.94,21
2026-05-11,C004-AD02,C004,Google,6528.3,20
2026-05-11,C005-AD01,C005,Google,7105.82,22
2026-05-11,C005-AD02,C005,Google,3738.92,13
2026-05-11,C005-AD03,C005,Google,7369.39,18
2026-05-11,C005-AD04,C005,Google,10334.72,22
2026-05-11,C006-AD01,C006,TikTok,3283.85,10
2026-05-11,C006-AD02,C006,TikTok,8229.77,30
2026-05-11,C006-AD03,C006,TikTok,7188.04,16
2026-05-11,C007-AD01,C007,Referral,0.0,2
2026-05-11,C007-AD02,C007,Referral,0.0,4
2026-05-11,C008-AD01,C008,Email,0.0,2
2026-05-11,C008-AD02,C008,Email,0.0,0
2026-05-11,C009-AD01,C009,Organic,0.0,1
2026-05-11,C009-AD02,C009,Organic,0.0,2
2026-05-12,C001-AD01,C001,Facebook,1736.99,5
2026-05-12,C001-AD02,C001,Facebook,5299.71,17
2026-05-12,C001-AD03,C001,Facebook,6124.0,22
2026-05-12,C001-AD04,C001,Facebook,2047.8,6
2026-05-12,C002-AD01,C002,Facebook,11692.26,30
2026-05-12,C002-AD02,C002,Facebook,2298.35,4
2026-05-12,C003-AD01,C003,Instagram,10446.18,20
2026-05-12,C003-AD02,C003,Instagram,3358.34,8
2026-05-12,C003-AD03,C003,Instagram,2134.38,8
2026-05-12,C003-AD04,C003,Instagram,9271.06,18
2026-05-12,C004-AD01,C004,Google,7550.77,17
2026-05-12,C004-AD02,C004,Google,5480.09,17
2026-05-12,C005-AD01,C005,Google,7633.09,25
2026-05-12,C005-AD02,C005,Google,6460.29,28
2026-05-12,C005-AD03,C005,Google,7553.43,20
2026-05-12,C005-AD04,C005,Google,10964.42,24
2026-05-12,C006-AD01,C006,TikTok,3751.62,8
2026-05-12,C006-AD02,C006,TikTok,9589.21,35
2026-05-12,C006-AD03,C006,TikTok,7674.33,19
2026-05-12,C007-AD01,C007,Referral,0.0,1
2026-05-12,C007-AD02,C007,Referral,0.0,2
2026-05-12,C008-AD01,C008,Email,0.0,0
2026-05-12,C008-AD02,C008,Email,0.0,0
2026-05-12,C009-AD01,C009,Organic,0.0,0
2026-05-12,C009-AD02,C009,Organic,0.0,1
2026-05-13,C001-AD01,C001,Facebook,3574.7,11
2026-05-13,C001-AD02,C001,Facebook,5471.62,17
2026-05-13,C001-AD03,C001,Facebook,5353.83,20
2026-05-13,C001-AD04,C001,Facebook,1641.15,5
2026-05-13,C002-AD01,C002,Facebook,8710.41,24
2026-05-13,C002-AD02,C002,Facebook,2433.5,5
2026-05-13,C003-AD01,C003,Instagram,7584.29,14
2026-05-13,C003-AD02,C003,Instagram,5393.57,13
2026-05-13,C003-AD03,C003,Instagram,3284.92,8
2026-05-13,C003-AD04,C003,Instagram,7992.88,16
2026-05-13,C004-AD01,C004,Google,6634.77,16
2026-05-13,C004-AD02,C004,Google,8057.78,26
2026-05-13,C005-AD01,C005,Google,4712.33,17
2026-05-13,C005-AD02,C005,Google,6029.88,26
2026-05-13,C005-AD03,C005,Google,9636.24,27
2026-05-13,C005-AD04,C005,Google,13840.62,32
2026-05-13,C006-AD01,C006,TikTok,2515.09,7
2026-05-13,C006-AD02,C006,TikTok,6147.75,23
2026-05-13,C006-AD03,C006,TikTok,8743.11,18
2026-05-13,C007-AD01,C007,Referral,0.0,0
2026-05-13,C007-AD02,C007,Referral,0.0,2
2026-05-13,C008-AD01,C008,Email,0.0,1
2026-05-13,C008-AD02,C008,Email,0.0,3
2026-05-13,C009-AD01,C009,Organic,0.0,0
2026-05-13,C009-AD02,C009,Organic,0.0,4
2026-05-14,C001-AD01,C001,Facebook,2919.91,8
2026-05-14,C001-AD02,C001,Facebook,4398.29,14
2026-05-14,C001-AD03,C001,Facebook,5060.74,21
2026-05-14,C001-AD04,C001,Facebook,1235.4,3
2026-05-14,C002-AD01,C002,Facebook,9384.79,25
2026-05-14,C002-AD02,C002,Facebook,1875.17,5
2026-05-14,C003-AD01,C003,Instagram,13612.86,24
2026-05-14,C003-AD02,C003,Instagram,5850.16,16
2026-05-14,C003-AD03,C003,Instagram,2356.96,6
2026-05-14,C003-AD04,C003,Instagram,5385.74,10
2026-05-14,C004-AD01,C004,Google,4697.05,11
2026-05-14,C004-AD02,C004,Google,5333.95,16
2026-05-14,C005-AD01,C005,Google,10190.14,32
2026-05-14,C005-AD02,C005,Google,8531.02,37
2026-05-14,C005-AD03,C005,Google,6637.17,19
2026-05-14,C005-AD04,C005,Google,7769.63,16
2026-05-14,C006-AD01,C006,TikTok,5149.31,13
2026-05-14,C006-AD02,C006,TikTok,8082.59,30
2026-05-14,C006-AD03,C006,TikTok,7924.54,18
2026-05-14,C007-AD01,C007,Referral,0.0,1
2026-05-14,C007-AD02,C007,Referral,0.0,3
2026-05-14,C008-AD01,C008,Email,0.0,0
2026-05-14,C008-AD02,C008,Email,0.0,1
2026-05-14,C009-AD01,C009,Organic,0.0,3
2026-05-14,C009-AD02,C009,Organic,0.0,2
2026-05-15,C001-AD01,C001,Facebook,2605.25,8
2026-05-15,C001-AD02,C001,Facebook,2604.04,8
2026-05-15,C001-AD03,C001,Facebook,8423.44,32
2026-05-15,C001-AD04,C001,Facebook,1608.77,4
2026-05-15,C002-AD01,C002,Facebook,7678.03,21
2026-05-15,C002-AD02,C002,Facebook,2832.18,7
2026-05-15,C003-AD01,C003,Instagram,9941.28,17
2026-05-15,C003-AD02,C003,Instagram,5282.52,14
2026-05-15,C003-AD03,C003,Instagram,3073.85,8
2026-05-15,C003-AD04,C003,Instagram,5701.53,9
2026-05-15,C004-AD01,C004,Google,9804.63,23
2026-05-15,C004-AD02,C004,Google,7740.1,23
2026-05-15,C005-AD01,C005,Google,7431.03,25
2026-05-15,C005-AD02,C005,Google,6846.65,29
2026-05-15,C005-AD03,C005,Google,10620.73,27
2026-05-15,C005-AD04,C005,Google,9434.32,21
2026-05-15,C006-AD01,C006,TikTok,2913.56,7
2026-05-15,C006-AD02,C006,TikTok,7034.72,29
2026-05-15,C006-AD03,C006,TikTok,5559.97,14
2026-05-15,C007-AD01,C007,Referral,0.0,0
2026-05-15,C007-AD02,C007,Referral,0.0,1
2026-05-15,C008-AD01,C008,Email,0.0,0
2026-05-15,C008-AD02,C008,Email,0.0,2
2026-05-15,C009-AD01,C009,Organic,0.0,1
2026-05-15,C009-AD02,C009,Organic,0.0,0
2026-05-16,C001-AD01,C001,Facebook,1985.0,5
2026-05-16,C001-AD02,C001,Facebook,5333.44,19
2026-05-16,C001-AD03,C001,Facebook,4467.9,19
2026-05-16,C001-AD04,C001,Facebook,2125.99,6
2026-05-16,C002-AD01,C002,Facebook,10250.92,29
2026-05-16,C002-AD02,C002,Facebook,2128.75,4
2026-05-16,C003-AD01,C003,Instagram,9166.93,17
2026-05-16,C003-AD02,C003,Instagram,2738.57,5
2026-05-16,C003-AD03,C003,Instagram,2324.9,5
2026-05-16,C003-AD04,C003,Instagram,4985.68,10
2026-05-16,C004-AD01,C004,Google,5263.36,11
2026-05-16,C004-AD02,C004,Google,5564.73,18
2026-05-16,C005-AD01,C005,Google,4570.66,17
2026-05-16,C005-AD02,C005,Google,7685.71,34
2026-05-16,C005-AD03,C005,Google,6296.29,16
2026-05-16,C005-AD04,C005,Google,4471.83,9
2026-05-16,C006-AD01,C006,TikTok,1847.67,4
2026-05-16,C006-AD02,C006,TikTok,4824.99,18
2026-05-16,C006-AD03,C006,TikTok,7234.86,17
2026-05-16,C007-AD01,C007,Referral,0.0,1
2026-05-16,C007-AD02,C007,Referral,0.0,1
2026-05-16,C008-AD01,C008,Email,0.0,2
2026-05-16,C008-AD02,C008,Email,0.0,3
2026-05-16,C009-AD01,C009,Organic,0.0,2
2026-05-16,C009-AD02,C009,Organic,0.0,0
2026-05-17,C001-AD01,C001,Facebook,2297.13,6
2026-05-17,C001-AD02,C001,Facebook,3298.84,13
2026-05-17,C001-AD03,C001,Facebook,3953.47,15
2026-05-17,C001-AD04,C001,Facebook,2780.89,9
2026-05-17,C002-AD01,C002,Facebook,9385.38,27
2026-05-17,C002-AD02,C002,Facebook,1941.19,5
2026-05-17,C003-AD01,C003,Instagram,7452.72,14
2026-05-17,C003-AD02,C003,Instagram,1962.16,6
2026-05-17,C003-AD03,C003,Instagram,2379.31,8
2026-05-17,C003-AD04,C003,Instagram,6737.33,14
2026-05-17,C004-AD01,C004,Google,6644.59,15
2026-05-17,C004-AD02,C004,Google,4254.54,15
2026-05-17,C005-AD01,C005,Google,5915.13,20
2026-05-17,C005-AD02,C005,Google,8898.85,35
2026-05-17,C005-AD03,C005,Google,9802.09,27
2026-05-17,C005-AD04,C005,Google,6040.39,12
2026-05-17,C006-AD01,C006,TikTok,5440.33,12
2026-05-17,C006-AD02,C006,TikTok,7703.73,29
2026-05-17,C006-AD03,C006,TikTok,6037.9,14
2026-05-17,C007-AD01,C007,Referral,0.0,3
2026-05-17,C007-AD02,C007,Referral,0.0,2
2026-05-17,C008-AD01,C008,Email,0.0,2
2026-05-17,C008-AD02,C008,Email,0.0,1
2026-05-17,C009-AD01,C009,Organic,0.0,1
2026-05-17,C009-AD02,C009,Organic,0.0,3
2026-05-18,C001-AD01,C001,Facebook,3032.27,8
2026-05-18,C001-AD02,C001,Facebook,4553.65,14
2026-05-18,C001-AD03,C001,Facebook,3461.8,14
2026-05-18,C001-AD04,C001,Facebook,3061.78,9
2026-05-18,C002-AD01,C002,Facebook,6839.84,18
2026-05-18,C002-AD02,C002,Facebook,2441.66,5
2026-05-18,C003-AD01,C003,Instagram,11968.99,20
2026-05-18,C003-AD02,C003,Instagram,2288.04,8
2026-05-18,C003-AD03,C003,Instagram,1877.68,6
2026-05-18,C003-AD04,C003,Instagram,8140.29,15
2026-05-18,C004-AD01,C004,Google,9530.25,25
2026-05-18,C004-AD02,C004,Google,6744.61,21
2026-05-18,C005-AD01,C005,Google,7685.44,25
2026-05-18,C005-AD02,C005,Google,8126.31,36
2026-05-18,C005-AD03,C005,Google,8193.72,21
2026-05-18,C005-AD04,C005,Google,6372.88,14
2026-05-18,C006-AD01,C006,TikTok,4600.58,9
2026-05-18,C006-AD02,C006,TikTok,7608.32,28
2026-05-18,C006-AD03,C006,TikTok,9625.34,24
2026-05-18,C007-AD01,C007,Referral,0.0,1
2026-05-18,C007-AD02,C007,Referral,0.0,2
2026-05-18,C008-AD01,C008,Email,0.0,0
2026-05-18,C008-AD02,C008,Email,0.0,2
2026-05-18,C009-AD01,C009,Organic,0.0,2
2026-05-18,C009-AD02,C009,Organic,0.0,0
2026-05-19,C001-AD01,C001,Facebook,2858.86,8
2026-05-19,C001-AD02,C001,Facebook,4568.03,16
2026-05-19,C001-AD03,C001,Facebook,5149.1,21
2026-05-19,C001-AD04,C001,Facebook,2053.62,3
2026-05-19,C002-AD01,C002,Facebook,10733.85,29
2026-05-19,C002-AD02,C002,Facebook,2075.1,3
2026-05-19,C003-AD01,C003,Instagram,5891.89,10
2026-05-19,C003-AD02,C003,Instagram,4055.14,10
2026-05-19,C003-AD03,C003,Instagram,2310.29,6
2026-05-19,C003-AD04,C003,Instagram,5512.75,10
2026-05-19,C004-AD01,C004,Google,8299.77,20
2026-05-19,C004-AD02,C004,Google,5303.27,18
2026-05-19,C005-AD01,C005,Google,7272.32,24
2026-05-19,C005-AD02,C005,Google,6473.41,26
2026-05-19,C005-AD03,C005,Google,7013.01,21
2026-05-19,C005-AD04,C005,Google,6957.96,15
2026-05-19,C006-AD01,C006,TikTok,4336.41,9
2026-05-19,C006-AD02,C006,TikTok,4638.99,18
2026-05-19,C006-AD03,C006,TikTok,9287.8,22
2026-05-19,C007-AD01,C007,Referral,0.0,1
2026-05-19,C007-AD02,C007,Referral,0.0,2
2026-05-19,C008-AD01,C008,Email,0.0,1
2026-05-19,C008-AD02,C008,Email,0.0,2
2026-05-19,C009-AD01,C009,Organic,0.0,0
2026-05-19,C009-AD02,C009,Organic,0.0,1
2026-05-20,C001-AD01,C001,Facebook,3096.01,9
2026-05-20,C001-AD02,C001,Facebook,5952.79,18
2026-05-20,C001-AD03,C001,Facebook,4743.15,18
2026-05-20,C001-AD04,C001,Facebook,1981.76,7
2026-05-20,C002-AD01,C002,Facebook,9375.18,25
2026-05-20,C002-AD02,C002,Facebook,2279.8,6
2026-05-20,C003-AD01,C003,Instagram,10501.59,20
2026-05-20,C003-AD02,C003,Instagram,5845.69,15
2026-05-20,C003-AD03,C003,Instagram,3347.36,8
2026-05-20,C003-AD04,C003,Instagram,7560.2,15
2026-05-20,C004-AD01,C004,Google,8353.6,18
2026-05-20,C004-AD02,C004,Google,8344.02,26
2026-05-20,C005-AD01,C005,Google,7834.36,24
2026-05-20,C005-AD02,C005,Google,7489.05,34
2026-05-20,C005-AD03,C005,Google,9937.91,25
2026-05-20,C005-AD04,C005,Google,6288.6,15
2026-05-20,C006-AD01,C006,TikTok,5343.96,12
2026-05-20,C006-AD02,C006,TikTok,7837.13,31
2026-05-20,C006-AD03,C006,TikTok,9954.25,23
2026-05-20,C007-AD01,C007,Referral,0.0,1
2026-05-20,C007-AD02,C007,Referral,0.0,1
2026-05-20,C008-AD01,C008,Email,0.0,1
2026-05-20,C008-AD02,C008,Email,0.0,0
2026-05-20,C009-AD01,C009,Organic,0.0,2
2026-05-20,C009-AD02,C009,Organic,0.0,1
2026-05-21,C001-AD01,C001,Facebook,2627.22,10
2026-05-21,C001-AD02,C001,Facebook,5549.76,18
2026-05-21,C001-AD03,C001,Facebook,3945.57,15
2026-05-21,C001-AD04,C001,Facebook,1505.38,4
2026-05-21,C002-AD01,C002,Facebook,10439.82,29
2026-05-21,C002-AD02,C002,Facebook,2482.73,4
2026-05-21,C003-AD01,C003,Instagram,10413.53,20
2026-05-21,C003-AD02,C003,Instagram,5283.86,15
2026-05-21,C003-AD03,C003,Instagram,1416.96,4
2026-05-21,C003-AD04,C003,Instagram,9194.38,20
2026-05-21,C004-AD01,C004,Google,5950.9,13
2026-05-21,C004-AD02,C004,Google,5631.38,17
2026-05-21,C005-AD01,C005,Google,9015.32,29
2026-05-21,C005-AD02,C005,Google,11099.44,48
2026-05-21,C005-AD03,C005,Google,10351.3,25
2026-05-21,C005-AD04,C005,Google,13724.44,31
2026-05-21,C006-AD01,C006,TikTok,4234.21,10
2026-05-21,C006-AD02,C006,TikTok,8062.64,30
2026-05-21,C006-AD03,C006,TikTok,11461.31,26
2026-05-21,C007-AD01,C007,Referral,0.0,2
2026-05-21,C007-AD02,C007,Referral,0.0,4
2026-05-21,C008-AD01,C008,Email,0.0,3
2026-05-21,C008-AD02,C008,Email,0.0,2
2026-05-21,C009-AD01,C009,Organic,0.0,1
2026-05-21,C009-AD02,C009,Organic,0.0,1
2026-05-22,C001-AD01,C001,Facebook,1900.5,5
2026-05-22,C001-AD02,C001,Facebook,3067.56,8
2026-05-22,C001-AD03,C001,Facebook,5656.86,21
2026-05-22,C001-AD04,C001,Facebook,2802.9,9
2026-05-22,C002-AD01,C002,Facebook,10612.06,29
2026-05-22,C002-AD02,C002,Facebook,1243.52,1
2026-05-22,C003-AD01,C003,Instagram,8918.18,17
2026-05-22,C003-AD02,C003,Instagram,4264.81,11
2026-05-22,C003-AD03,C003,Instagram,2656.05,6
2026-05-22,C003-AD04,C003,Instagram,8801.3,19
2026-05-22,C004-AD01,C004,Google,8090.77,20
2026-05-22,C004-AD02,C004,Google,5562.54,18
2026-05-22,C005-AD01,C005,Google,10375.51,35
2026-05-22,C005-AD02,C005,Google,6822.43,29
2026-05-22,C005-AD03,C005,Google,11528.59,31
2026-05-22,C005-AD04,C005,Google,9077.97,20
2026-05-22,C006-AD01,C006,TikTok,4070.37,10
2026-05-22,C006-AD02,C006,TikTok,8142.96,30
2026-05-22,C006-AD03,C006,TikTok,9885.4,23
2026-05-22,C007-AD01,C007,Referral,0.0,2
2026-05-22,C007-AD02,C007,Referral,0.0,0
2026-05-22,C008-AD01,C008,Email,0.0,0
2026-05-22,C008-AD02,C008,Email,0.0,1
2026-05-22,C009-AD01,C009,Organic,0.0,3
2026-05-22,C009-AD02,C009,Organic,0.0,2
2026-05-23,C001-AD01,C001,Facebook,1679.81,3
2026-05-23,C001-AD02,C001,Facebook,3205.4,9
2026-05-23,C001-AD03,C001,Facebook,5052.96,19
2026-05-23,C001-AD04,C001,Facebook,2208.9,6
2026-05-23,C002-AD01,C002,Facebook,4883.35,13
2026-05-23,C002-AD02,C002,Facebook,1465.18,3
2026-05-23,C003-AD01,C003,Instagram,7232.7,12
2026-05-23,C003-AD02,C003,Instagram,5192.05,12
2026-05-23,C003-AD03,C003,Instagram,2197.41,7
2026-05-23,C003-AD04,C003,Instagram,4453.16,8
2026-05-23,C004-AD01,C004,Google,3870.62,9
2026-05-23,C004-AD02,C004,Google,6264.62,20
2026-05-23,C005-AD01,C005,Google,6590.72,23
2026-05-23,C005-AD02,C005,Google,9127.36,39
2026-05-23,C005-AD03,C005,Google,5888.93,17
2026-05-23,C005-AD04,C005,Google,6515.1,14
2026-05-23,C006-AD01,C006,TikTok,1912.91,4
2026-05-23,C006-AD02,C006,TikTok,5867.67,22
2026-05-23,C006-AD03,C006,TikTok,3438.27,9
2026-05-23,C007-AD01,C007,Referral,0.0,2
2026-05-23,C007-AD02,C007,Referral,0.0,3
2026-05-23,C008-AD01,C008,Email,0.0,0
2026-05-23,C008-AD02,C008,Email,0.0,1
2026-05-23,C009-AD01,C009,Organic,0.0,3
2026-05-23,C009-AD02,C009,Organic,0.0,2
2026-05-24,C001-AD01,C001,Facebook,1813.09,6
2026-05-24,C001-AD02,C001,Facebook,5918.67,18
2026-05-24,C001-AD03,C001,Facebook,5615.15,22
2026-05-24,C001-AD04,C001,Facebook,1262.84,4
2026-05-24,C002-AD01,C002,Facebook,10211.23,29
2026-05-24,C002-AD02,C002,Facebook,2642.6,4
2026-05-24,C003-AD01,C003,Instagram,6832.23,12
2026-05-24,C003-AD02,C003,Instagram,4122.65,9
2026-05-24,C003-AD03,C003,Instagram,2307.45,6
2026-05-24,C003-AD04,C003,Instagram,7007.3,16
2026-05-24,C004-AD01,C004,Google,5199.15,14
2026-05-24,C004-AD02,C004,Google,5044.29,17
2026-05-24,C005-AD01,C005,Google,4091.45,12
2026-05-24,C005-AD02,C005,Google,7802.45,34
2026-05-24,C005-AD03,C005,Google,5728.51,16
2026-05-24,C005-AD04,C005,Google,8775.16,19
2026-05-24,C006-AD01,C006,TikTok,4066.5,11
2026-05-24,C006-AD02,C006,TikTok,6218.4,23
2026-05-24,C006-AD03,C006,TikTok,9080.93,20
2026-05-24,C007-AD01,C007,Referral,0.0,1
2026-05-24,C007-AD02,C007,Referral,0.0,2
2026-05-24,C008-AD01,C008,Email,0.0,2
2026-05-24,C008-AD02,C008,Email,0.0,4
2026-05-24,C009-AD01,C009,Organic,0.0,0
2026-05-24,C009-AD02,C009,Organic,0.0,2
2026-05-25,C001-AD01,C001,Facebook,3098.19,7
2026-05-25,C001-AD02,C001,Facebook,4188.15,14
2026-05-25,C001-AD03,C001,Facebook,5520.54,20
2026-05-25,C001-AD04,C001,Facebook,3054.93,9
2026-05-25,C002-AD01,C002,Facebook,9012.17,24
2026-05-25,C002-AD02,C002,Facebook,1786.83,2
2026-05-25,C003-AD01,C003,Instagram,9239.56,15
2026-05-25,C003-AD02,C003,Instagram,3319.01,7
2026-05-25,C003-AD03,C003,Instagram,3877.69,11
2026-05-25,C003-AD04,C003,Instagram,8604.2,16
2026-05-25,C004-AD01,C004,Google,10040.19,23
2026-05-25,C004-AD02,C004,Google,5980.59,20
2026-05-25,C005-AD01,C005,Google,8509.52,30
2026-05-25,C005-AD02,C005,Google,4484.92,18
2026-05-25,C005-AD03,C005,Google,9763.11,26
2026-05-25,C005-AD04,C005,Google,5403.0,13
2026-05-25,C006-AD01,C006,TikTok,2960.95,6
2026-05-25,C006-AD02,C006,TikTok,8226.07,30
2026-05-25,C006-AD03,C006,TikTok,10991.7,26
2026-05-25,C007-AD01,C007,Referral,0.0,2
2026-05-25,C007-AD02,C007,Referral,0.0,1
2026-05-25,C008-AD01,C008,Email,0.0,0
2026-05-25,C008-AD02,C008,Email,0.0,2
2026-05-25,C009-AD01,C009,Organic,0.0,1
2026-05-25,C009-AD02,C009,Organic,0.0,1
2026-05-26,C001-AD01,C001,Facebook,1284.47,4
2026-05-26,C001-AD02,C001,Facebook,4911.39,16
2026-05-26,C001-AD03,C001,Facebook,5863.62,22
2026-05-26,C001-AD04,C001,Facebook,2193.98,6
2026-05-26,C002-AD01,C002,Facebook,9337.13,27
2026-05-26,C002-AD02,C002,Facebook,2436.61,7
2026-05-26,C003-AD01,C003,Instagram,8196.16,16
2026-05-26,C003-AD02,C003,Instagram,6897.91,19
2026-05-26,C003-AD03,C003,Instagram,1267.55,3
2026-05-26,C003-AD04,C003,Instagram,4004.52,8
2026-05-26,C004-AD01,C004,Google,6984.02,16
2026-05-26,C004-AD02,C004,Google,6165.39,19
2026-05-26,C005-AD01,C005,Google,7114.65,25
2026-05-26,C005-AD02,C005,Google,9084.72,40
2026-05-26,C005-AD03,C005,Google,12482.68,33
2026-05-26,C005-AD04,C005,Google,7408.91,15
2026-05-26,C006-AD01,C006,TikTok,4454.29,11
2026-05-26,C006-AD02,C006,TikTok,9387.76,37
2026-05-26,C006-AD03,C006,TikTok,9413.15,21
2026-05-26,C007-AD01,C007,Referral,0.0,2
2026-05-26,C007-AD02,C007,Referral,0.0,1
2026-05-26,C008-AD01,C008,Email,0.0,2
2026-05-26,C008-AD02,C008,Email,0.0,0
2026-05-26,C009-AD01,C009,Organic,0.0,1
2026-05-26,C009-AD02,C009,Organic,0.0,0
2026-05-27,C001-AD01,C001,Facebook,2562.82,7
2026-05-27,C001-AD02,C001,Facebook,2910.93,9
2026-05-27,C001-AD03,C001,Facebook,8069.89,31
2026-05-27,C001-AD04,C001,Facebook,1772.33,8
2026-05-27,C002-AD01,C002,Facebook,7984.16,23
2026-05-27,C002-AD02,C002,Facebook,1960.61,2
2026-05-27,C003-AD01,C003,Instagram,9168.06,16
2026-05-27,C003-AD02,C003,Instagram,5720.9,14
2026-05-27,C003-AD03,C003,Instagram,5104.29,15
2026-05-27,C003-AD04,C003,Instagram,8921.64,17
2026-05-27,C004-AD01,C004,Google,6141.46,13
2026-05-27,C004-AD02,C004,Google,7075.6,20
2026-05-27,C005-AD01,C005,Google,5867.32,19
2026-05-27,C005-AD02,C005,Google,8968.36,40
2026-05-27,C005-AD03,C005,Google,7987.32,22
2026-05-27,C005-AD04,C005,Google,9389.25,19
2026-05-27,C006-AD01,C006,TikTok,4805.39,12
2026-05-27,C006-AD02,C006,TikTok,7183.0,28
2026-05-27,C006-AD03,C006,TikTok,8052.81,17
2026-05-27,C007-AD01,C007,Referral,0.0,1
2026-05-27,C007-AD02,C007,Referral,0.0,0
2026-05-27,C008-AD01,C008,Email,0.0,2
2026-05-27,C008-AD02,C008,Email,0.0,2
2026-05-27,C009-AD01,C009,Organic,0.0,0
2026-05-27,C009-AD02,C009,Organic,0.0,1
2026-05-28,C001-AD01,C001,Facebook,3938.61,9
2026-05-28,C001-AD02,C001,Facebook,6015.72,17
2026-05-28,C001-AD03,C001,Facebook,6598.02,25
2026-05-28,C001-AD04,C001,Facebook,2253.41,7
2026-05-28,C002-AD01,C002,Facebook,8106.78,23
2026-05-28,C002-AD02,C002,Facebook,3081.02,7
2026-05-28,C003-AD01,C003,Instagram,11099.12,20
2026-05-28,C003-AD02,C003,Instagram,2582.91,7
2026-05-28,C003-AD03,C003,Instagram,3147.34,8
2026-05-28,C003-AD04,C003,Instagram,6521.09,11
2026-05-28,C004-AD01,C004,Google,7758.03,19
2026-05-28,C004-AD02,C004,Google,6943.83,22
2026-05-28,C005-AD01,C005,Google,10533.24,36
2026-05-28,C005-AD02,C005,Google,15452.71,67
2026-05-28,C005-AD03,C005,Google,8672.05,23
2026-05-28,C005-AD04,C005,Google,10180.52,22
2026-05-28,C006-AD01,C006,TikTok,3888.73,9
2026-05-28,C006-AD02,C006,TikTok,6363.02,22
2026-05-28,C006-AD03,C006,TikTok,6843.78,16
2026-05-28,C007-AD01,C007,Referral,0.0,2
2026-05-28,C007-AD02,C007,Referral,0.0,1
2026-05-28,C008-AD01,C008,Email,0.0,1
2026-05-28,C008-AD02,C008,Email,0.0,0
2026-05-28,C009-AD01,C009,Organic,0.0,2
2026-05-28,C009-AD02,C009,Organic,0.0,2
2026-05-29,C001-AD01,C001,Facebook,2055.98,4
2026-05-29,C001-AD02,C001,Facebook,3644.12,10
2026-05-29,C001-AD03,C001,Facebook,5815.7,21
2026-05-29,C001-AD04,C001,Facebook,2222.91,7
2026-05-29,C002-AD01,C002,Facebook,5530.85,13
2026-05-29,C002-AD02,C002,Facebook,3042.78,6
2026-05-29,C003-AD01,C003,Instagram,12079.98,20
2026-05-29,C003-AD02,C003,Instagram,2842.19,7
2026-05-29,C003-AD03,C003,Instagram,3154.31,10
2026-05-29,C003-AD04,C003,Instagram,9860.92,20
2026-05-29,C004-AD01,C004,Google,7929.09,19
2026-05-29,C004-AD02,C004,Google,4229.79,13
2026-05-29,C005-AD01,C005,Google,6375.56,23
2026-05-29,C005-AD02,C005,Google,7619.19,32
2026-05-29,C005-AD03,C005,Google,8505.83,23
2026-05-29,C005-AD04,C005,Google,6999.09,16
2026-05-29,C006-AD01,C006,TikTok,3823.35,10
2026-05-29,C006-AD02,C006,TikTok,8267.05,31
2026-05-29,C006-AD03,C006,TikTok,6404.11,16
2026-05-29,C007-AD01,C007,Referral,0.0,2
2026-05-29,C007-AD02,C007,Referral,0.0,0
2026-05-29,C008-AD01,C008,Email,0.0,1
2026-05-29,C008-AD02,C008,Email,0.0,0
2026-05-29,C009-AD01,C009,Organic,0.0,1
2026-05-29,C009-AD02,C009,Organic,0.0,3
2026-05-30,C001-AD01,C001,Facebook,1867.44,6
2026-05-30,C001-AD02,C001,Facebook,4227.16,13
2026-05-30,C001-AD03,C001,Facebook,4148.17,14
2026-05-30,C001-AD04,C001,Facebook,1836.92,5
2026-05-30,C002-AD01,C002,Facebook,8564.11,23
2026-05-30,C002-AD02,C002,Facebook,1621.01,4
2026-05-30,C003-AD01,C003,Instagram,7205.49,11
2026-05-30,C003-AD02,C003,Instagram,3631.42,8
2026-05-30,C003-AD03,C003,Instagram,3163.82,10
2026-05-30,C003-AD04,C003,Instagram,8413.33,18
2026-05-30,C004-AD01,C004,Google,7342.23,15
2026-05-30,C004-AD02,C004,Google,4338.64,13
2026-05-30,C005-AD01,C005,Google,6560.2,21
2026-05-30,C005-AD02,C005,Google,7778.53,33
2026-05-30,C005-AD03,C005,Google,5601.96,15
2026-05-30,C005-AD04,C005,Google,3777.16,10
2026-05-30,C006-AD01,C006,TikTok,2931.71,6
2026-05-30,C006-AD02,C006,TikTok,6055.01,23
2026-05-30,C006-AD03,C006,TikTok,6540.34,17
2026-05-30,C007-AD01,C007,Referral,0.0,3
2026-05-30,C007-AD02,C007,Referral,0.0,1
2026-05-30,C008-AD01,C008,Email,0.0,4
2026-05-30,C008-AD02,C008,Email,0.0,0
2026-05-30,C009-AD01,C009,Organic,0.0,2
2026-05-30,C009-AD02,C009,Organic,0.0,0
2026-05-31,C001-AD01,C001,Facebook,2746.06,9
2026-05-31,C001-AD02,C001,Facebook,4264.57,14
2026-05-31,C001-AD03,C001,Facebook,5987.04,22
2026-05-31,C001-AD04,C001,Facebook,1181.92,4
2026-05-31,C002-AD01,C002,Facebook,9952.62,28
2026-05-31,C002-AD02,C002,Facebook,1977.44,3
2026-05-31,C003-AD01,C003,Instagram,11191.86,20
2026-05-31,C003-AD02,C003,Instagram,3622.84,9
2026-05-31,C003-AD03,C003,Instagram,2187.61,6
2026-05-31,C003-AD04,C003,Instagram,5548.63,12
2026-05-31,C004-AD01,C004,Google,5929.11,13
2026-05-31,C004-AD02,C004,Google,4880.92,16
2026-05-31,C005-AD01,C005,Google,6378.62,21
2026-05-31,C005-AD02,C005,Google,3569.12,16
2026-05-31,C005-AD03,C005,Google,6268.34,17
2026-05-31,C005-AD04,C005,Google,7512.86,16
2026-05-31,C006-AD01,C006,TikTok,2862.74,6
2026-05-31,C006-AD02,C006,TikTok,7352.4,27
2026-05-31,C006-AD03,C006,TikTok,9700.26,23
2026-05-31,C007-AD01,C007,Referral,0.0,1
2026-05-31,C007-AD02,C007,Referral,0.0,0
2026-05-31,C008-AD01,C008,Email,0.0,2
2026-05-31,C008-AD02,C008,Email,0.0,0
2026-05-31,C009-AD01,C009,Organic,0.0,1
2026-05-31,C009-AD02,C009,Organic,0.0,2
2026-06-01,C001-AD01,C001,Facebook,2116.21,6
2026-06-01,C001-AD02,C001,Facebook,4829.08,15
2026-06-01,C001-AD03,C001,Facebook,6391.1,25
2026-06-01,C001-AD04,C001,Facebook,1887.93,6
2026-06-01,C002-AD01,C002,Facebook,5960.17,15
2026-06-01,C002-AD02,C002,Facebook,2127.83,4
2026-06-01,C003-AD01,C003,Instagram,7832.11,16
2026-06-01,C003-AD02,C003,Instagram,5404.85,13
2026-06-01,C003-AD03,C003,Instagram,2221.61,7
2026-06-01,C003-AD04,C003,Instagram,8078.65,17
2026-06-01,C004-AD01,C004,Google,7958.66,16
2026-06-01,C004-AD02,C004,Google,6287.01,21
2026-06-01,C005-AD01,C005,Google,7751.5,26
2026-06-01,C005-AD02,C005,Google,3654.31,15
2026-06-01,C005-AD03,C005,Google,6380.43,16
2026-06-01,C005-AD04,C005,Google,7490.67,16
2026-06-01,C006-AD01,C006,TikTok,4894.06,12
2026-06-01,C006-AD02,C006,TikTok,9906.81,35
2026-06-01,C006-AD03,C006,TikTok,5694.71,13
2026-06-01,C007-AD01,C007,Referral,0.0,2
2026-06-01,C007-AD02,C007,Referral,0.0,2
2026-06-01,C008-AD01,C008,Email,0.0,1
2026-06-01,C008-AD02,C008,Email,0.0,2
2026-06-01,C009-AD01,C009,Organic,0.0,1
2026-06-01,C009-AD02,C009,Organic,0.0,3
2026-06-02,C001-AD01,C001,Facebook,2080.69,6
2026-06-02,C001-AD02,C001,Facebook,6170.29,19
2026-06-02,C001-AD03,C001,Facebook,6781.95,28
2026-06-02,C001-AD04,C001,Facebook,2177.57,7
2026-06-02,C002-AD01,C002,Facebook,10897.88,29
2026-06-02,C002-AD02,C002,Facebook,3100.17,6
2026-06-02,C003-AD01,C003,Instagram,7677.72,14
2026-06-02,C003-AD02,C003,Instagram,5217.56,14
2026-06-02,C003-AD03,C003,Instagram,3544.71,10
2026-06-02,C003-AD04,C003,Instagram,6716.13,14
2026-06-02,C004-AD01,C004,Google,6146.69,14
2026-06-02,C004-AD02,C004,Google,5775.03,17
2026-06-02,C005-AD01,C005,Google,9628.35,33
2026-06-02,C005-AD02,C005,Google,6475.84,27
2026-06-02,C005-AD03,C005,Google,7737.86,19
2026-06-02,C005-AD04,C005,Google,12176.46,28
2026-06-02,C006-AD01,C006,TikTok,3676.08,11
2026-06-02,C006-AD02,C006,TikTok,7729.47,28
2026-06-02,C006-AD03,C006,TikTok,6228.56,13
2026-06-02,C007-AD01,C007,Referral,0.0,2
2026-06-02,C007-AD02,C007,Referral,0.0,1
2026-06-02,C008-AD01,C008,Email,0.0,0
2026-06-02,C008-AD02,C008,Email,0.0,2
2026-06-02,C009-AD01,C009,Organic,0.0,1
2026-06-02,C009-AD02,C009,Organic,0.0,2
2026-06-03,C001-AD01,C001,Facebook,2104.61,6
2026-06-03,C001-AD02,C001,Facebook,3056.25,8
2026-06-03,C001-AD03,C001,Facebook,5418.4,21
2026-06-03,C001-AD04,C001,Facebook,2411.51,7
2026-06-03,C002-AD01,C002,Facebook,11372.68,29
2026-06-03,C002-AD02,C002,Facebook,2456.69,6
2026-06-03,C003-AD01,C003,Instagram,8397.48,14
2026-06-03,C003-AD02,C003,Instagram,5719.22,13
2026-06-03,C003-AD03,C003,Instagram,3107.25,8
2026-06-03,C003-AD04,C003,Instagram,10196.93,22
2026-06-03,C004-AD01,C004,Google,6515.98,14
2026-06-03,C004-AD02,C004,Google,4828.26,14
2026-06-03,C005-AD01,C005,Google,8919.31,30
2026-06-03,C005-AD02,C005,Google,10649.07,47
2026-06-03,C005-AD03,C005,Google,12543.29,31
2026-06-03,C005-AD04,C005,Google,10922.77,24
2026-06-03,C006-AD01,C006,TikTok,4121.43,10
2026-06-03,C006-AD02,C006,TikTok,6501.74,21
2026-06-03,C006-AD03,C006,TikTok,7648.74,19
2026-06-03,C007-AD01,C007,Referral,0.0,0
2026-06-03,C007-AD02,C007,Referral,0.0,1
2026-06-03,C008-AD01,C008,Email,0.0,0
2026-06-03,C008-AD02,C008,Email,0.0,2
2026-06-03,C009-AD01,C009,Organic,0.0,0
2026-06-03,C009-AD02,C009,Organic,0.0,1
2026-06-04,C001-AD01,C001,Facebook,2459.05,8
2026-06-04,C001-AD02,C001,Facebook,7333.03,25
2026-06-04,C001-AD03,C001,Facebook,4778.16,17
2026-06-04,C001-AD04,C001,Facebook,2692.46,6
2026-06-04,C002-AD01,C002,Facebook,8190.26,22
2026-06-04,C002-AD02,C002,Facebook,1448.51,3
2026-06-04,C003-AD01,C003,Instagram,8862.08,15
2026-06-04,C003-AD02,C003,Instagram,5027.51,12
2026-06-04,C003-AD03,C003,Instagram,3168.77,8
2026-06-04,C003-AD04,C003,Instagram,6483.72,14
2026-06-04,C004-AD01,C004,Google,7832.78,18
2026-06-04,C004-AD02,C004,Google,6440.62,21
2026-06-04,C005-AD01,C005,Google,9394.23,31
2026-06-04,C005-AD02,C005,Google,9837.31,44
2026-06-04,C005-AD03,C005,Google,8821.9,22
2026-06-04,C005-AD04,C005,Google,11988.63,27
2026-06-04,C006-AD01,C006,TikTok,4017.19,10
2026-06-04,C006-AD02,C006,TikTok,8513.32,30
2026-06-04,C006-AD03,C006,TikTok,4734.06,10
2026-06-04,C007-AD01,C007,Referral,0.0,1
2026-06-04,C007-AD02,C007,Referral,0.0,2
2026-06-04,C008-AD01,C008,Email,0.0,2
2026-06-04,C008-AD02,C008,Email,0.0,2
2026-06-04,C009-AD01,C009,Organic,0.0,2
2026-06-04,C009-AD02,C009,Organic,0.0,1
2026-06-05,C001-AD01,C001,Facebook,2900.84,7
2026-06-05,C001-AD02,C001,Facebook,5313.71,17
2026-06-05,C001-AD03,C001,Facebook,6356.66,24
2026-06-05,C001-AD04,C001,Facebook,3234.88,10
2026-06-05,C002-AD01,C002,Facebook,8019.29,21
2026-06-05,C002-AD02,C002,Facebook,2498.17,5
2026-06-05,C003-AD01,C003,Instagram,10825.75,19
2026-06-05,C003-AD02,C003,Instagram,2501.07,7
2026-06-05,C003-AD03,C003,Instagram,2538.06,8
2026-06-05,C003-AD04,C003,Instagram,6967.49,12
2026-06-05,C004-AD01,C004,Google,8017.27,20
2026-06-05,C004-AD02,C004,Google,6641.28,21
2026-06-05,C005-AD01,C005,Google,7456.81,26
2026-06-05,C005-AD02,C005,Google,7992.83,36
2026-06-05,C005-AD03,C005,Google,11895.71,31
2026-06-05,C005-AD04,C005,Google,8450.91,20
2026-06-05,C006-AD01,C006,TikTok,4231.14,10
2026-06-05,C006-AD02,C006,TikTok,7311.26,27
2026-06-05,C006-AD03,C006,TikTok,11386.12,25
2026-06-05,C007-AD01,C007,Referral,0.0,1
2026-06-05,C007-AD02,C007,Referral,0.0,1
2026-06-05,C008-AD01,C008,Email,0.0,2
2026-06-05,C008-AD02,C008,Email,0.0,2
2026-06-05,C009-AD01,C009,Organic,0.0,3
2026-06-05,C009-AD02,C009,Organic,0.0,2
2026-06-06,C001-AD01,C001,Facebook,1699.65,5
2026-06-06,C001-AD02,C001,Facebook,4211.84,12
2026-06-06,C001-AD03,C001,Facebook,5264.41,19
2026-06-06,C001-AD04,C001,Facebook,2586.99,9
2026-06-06,C002-AD01,C002,Facebook,7107.38,22
2026-06-06,C002-AD02,C002,Facebook,1673.31,4
2026-06-06,C003-AD01,C003,Instagram,6538.0,10
2026-06-06,C003-AD02,C003,Instagram,4148.44,11
2026-06-06,C003-AD03,C003,Instagram,2799.63,7
2026-06-06,C003-AD04,C003,Instagram,4713.12,10
2026-06-06,C004-AD01,C004,Google,4629.43,10
2026-06-06,C004-AD02,C004,Google,3591.69,13
2026-06-06,C005-AD01,C005,Google,7719.94,26
2026-06-06,C005-AD02,C005,Google,4734.09,22
2026-06-06,C005-AD03,C005,Google,7457.89,20
2026-06-06,C005-AD04,C005,Google,10599.44,23
2026-06-06,C006-AD01,C006,TikTok,3398.67,6
2026-06-06,C006-AD02,C006,TikTok,6826.33,25
2026-06-06,C006-AD03,C006,TikTok,8344.04,18
2026-06-06,C007-AD01,C007,Referral,0.0,2
2026-06-06,C007-AD02,C007,Referral,0.0,4
2026-06-06,C008-AD01,C008,Email,0.0,3
2026-06-06,C008-AD02,C008,Email,0.0,3
2026-06-06,C009-AD01,C009,Organic,0.0,1
2026-06-06,C009-AD02,C009,Organic,0.0,1
2026-06-07,C001-AD01,C001,Facebook,2594.03,6
2026-06-07,C001-AD02,C001,Facebook,4196.39,14
2026-06-07,C001-AD03,C001,Facebook,6328.63,25
2026-06-07,C001-AD04,C001,Facebook,2326.55,7
2026-06-07,C002-AD01,C002,Facebook,11089.43,31
2026-06-07,C002-AD02,C002,Facebook,2293.25,5
2026-06-07,C003-AD01,C003,Instagram,8414.12,14
2026-06-07,C003-AD02,C003,Instagram,4924.51,12
2026-06-07,C003-AD03,C003,Instagram,2600.86,8
2026-06-07,C003-AD04,C003,Instagram,7949.37,15
2026-06-07,C004-AD01,C004,Google,5013.64,12
2026-06-07,C004-AD02,C004,Google,5352.44,16
2026-06-07,C005-AD01,C005,Google,9225.85,32
2026-06-07,C005-AD02,C005,Google,6038.91,29
2026-06-07,C005-AD03,C005,Google,7015.13,17
2026-06-07,C005-AD04,C005,Google,6144.36,15
2026-06-07,C006-AD01,C006,TikTok,2382.5,4
2026-06-07,C006-AD02,C006,TikTok,5077.76,18
2026-06-07,C006-AD03,C006,TikTok,8184.63,21
2026-06-07,C007-AD01,C007,Referral,0.0,5
2026-06-07,C007-AD02,C007,Referral,0.0,4
2026-06-07,C008-AD01,C008,Email,0.0,1
2026-06-07,C008-AD02,C008,Email,0.0,2
2026-06-07,C009-AD01,C009,Organic,0.0,2
2026-06-07,C009-AD02,C009,Organic,0.0,0
2026-06-08,C001-AD01,C001,Facebook,2575.68,7
2026-06-08,C001-AD02,C001,Facebook,4402.49,15
2026-06-08,C001-AD03,C001,Facebook,2809.06,11
2026-06-08,C001-AD04,C001,Facebook,2121.05,5
2026-06-08,C002-AD01,C002,Facebook,14886.36,40
2026-06-08,C002-AD02,C002,Facebook,2139.61,4
2026-06-08,C003-AD01,C003,Instagram,11314.79,20
2026-06-08,C003-AD02,C003,Instagram,2654.34,5
2026-06-08,C003-AD03,C003,Instagram,3590.95,10
2026-06-08,C003-AD04,C003,Instagram,9782.32,19
2026-06-08,C004-AD01,C004,Google,8406.92,19
2026-06-08,C004-AD02,C004,Google,6958.69,21
2026-06-08,C005-AD01,C005,Google,8564.59,28
2026-06-08,C005-AD02,C005,Google,5063.89,21
2026-06-08,C005-AD03,C005,Google,8440.74,22
2026-06-08,C005-AD04,C005,Google,11286.76,24
2026-06-08,C006-AD01,C006,TikTok,4362.32,12
2026-06-08,C006-AD02,C006,TikTok,10079.85,38
2026-06-08,C006-AD03,C006,TikTok,11313.24,27
2026-06-08,C007-AD01,C007,Referral,0.0,0
2026-06-08,C007-AD02,C007,Referral,0.0,3
2026-06-08,C008-AD01,C008,Email,0.0,2
2026-06-08,C008-AD02,C008,Email,0.0,0
2026-06-08,C009-AD01,C009,Organic,0.0,1
2026-06-08,C009-AD02,C009,Organic,0.0,1
2026-06-09,C001-AD01,C001,Facebook,3039.24,9
2026-06-09,C001-AD02,C001,Facebook,2902.1,8
2026-06-09,C001-AD03,C001,Facebook,8304.44,33
2026-06-09,C001-AD04,C001,Facebook,2640.76,9
2026-06-09,C002-AD01,C002,Facebook,11961.1,35
2026-06-09,C002-AD02,C002,Facebook,2206.53,4
2026-06-09,C003-AD01,C003,Instagram,15011.54,28
2026-06-09,C003-AD02,C003,Instagram,5951.26,16
2026-06-09,C003-AD03,C003,Instagram,1956.98,7
2026-06-09,C003-AD04,C003,Instagram,6029.02,13
2026-06-09,C004-AD01,C004,Google,6941.45,15
2026-06-09,C004-AD02,C004,Google,5658.71,17
2026-06-09,C005-AD01,C005,Google,9813.23,32
2026-06-09,C005-AD02,C005,Google,8659.57,37
2026-06-09,C005-AD03,C005,Google,5705.67,16
2026-06-09,C005-AD04,C005,Google,11514.35,26
2026-06-09,C006-AD01,C006,TikTok,3642.33,7
2026-06-09,C006-AD02,C006,TikTok,6427.13,23
2026-06-09,C006-AD03,C006,TikTok,8728.82,21
2026-06-09,C007-AD01,C007,Referral,0.0,3
2026-06-09,C007-AD02,C007,Referral,0.0,2
2026-06-09,C008-AD01,C008,Email,0.0,1
2026-06-09,C008-AD02,C008,Email,0.0,2
2026-06-09,C009-AD01,C009,Organic,0.0,0
2026-06-09,C009-AD02,C009,Organic,0.0,1
2026-06-10,C001-AD01,C001,Facebook,3147.43,9
2026-06-10,C001-AD02,C001,Facebook,4430.47,13
2026-06-10,C001-AD03,C001,Facebook,4647.87,16
2026-06-10,C001-AD04,C001,Facebook,2759.93,9
2026-06-10,C002-AD01,C002,Facebook,6439.43,20
2026-06-10,C002-AD02,C002,Facebook,2881.89,7
2026-06-10,C003-AD01,C003,Instagram,8693.16,15
2026-06-10,C003-AD02,C003,Instagram,5826.09,14
2026-06-10,C003-AD03,C003,Instagram,3473.78,10
2026-06-10,C003-AD04,C003,Instagram,7535.32,15
2026-06-10,C004-AD01,C004,Google,9027.54,20
2026-06-10,C004-AD02,C004,Google,4977.2,14
2026-06-10,C005-AD01,C005,Google,7438.96,24
2026-06-10,C005-AD02,C005,Google,9558.12,41
2026-06-10,C005-AD03,C005,Google,7610.07,20
2026-06-10,C005-AD04,C005,Google,8260.89,19
2026-06-10,C006-AD01,C006,TikTok,2963.53,9
2026-06-10,C006-AD02,C006,TikTok,5016.38,19
2026-06-10,C006-AD03,C006,TikTok,5286.47,12
2026-06-10,C007-AD01,C007,Referral,0.0,0
2026-06-10,C007-AD02,C007,Referral,0.0,1
2026-06-10,C008-AD01,C008,Email,0.0,1
2026-06-10,C008-AD02,C008,Email,0.0,2
2026-06-10,C009-AD01,C009,Organic,0.0,1
2026-06-10,C009-AD02,C009,Organic,0.0,2
2026-06-11,C001-AD01,C001,Facebook,2296.37,6
2026-06-11,C001-AD02,C001,Facebook,5927.73,18
2026-06-11,C001-AD03,C001,Facebook,7332.92,28
2026-06-11,C001-AD04,C001,Facebook,2632.43,9
2026-06-11,C002-AD01,C002,Facebook,6823.41,19
2026-06-11,C002-AD02,C002,Facebook,1805.72,7
2026-06-11,C003-AD01,C003,Instagram,7861.4,11
2026-06-11,C003-AD02,C003,Instagram,5306.86,15
2026-06-11,C003-AD03,C003,Instagram,2791.45,9
2026-06-11,C003-AD04,C003,Instagram,7987.02,17
2026-06-11,C004-AD01,C004,Google,7227.24,17
2026-06-11,C004-AD02,C004,Google,5086.69,15
2026-06-11,C005-AD01,C005,Google,9748.82,33
2026-06-11,C005-AD02,C005,Google,5908.23,25
2026-06-11,C005-AD03,C005,Google,7357.26,20
2026-06-11,C005-AD04,C005,Google,9063.44,20
2026-06-11,C006-AD01,C006,TikTok,3098.76,7
2026-06-11,C006-AD02,C006,TikTok,6321.25,24
2026-06-11,C006-AD03,C006,TikTok,7849.09,17
2026-06-11,C007-AD01,C007,Referral,0.0,2
2026-06-11,C007-AD02,C007,Referral,0.0,1
2026-06-11,C008-AD01,C008,Email,0.0,2
2026-06-11,C008-AD02,C008,Email,0.0,1
2026-06-11,C009-AD01,C009,Organic,0.0,2
2026-06-11,C009-AD02,C009,Organic,0.0,3
2026-06-12,C001-AD01,C001,Facebook,2620.85,6
2026-06-12,C001-AD02,C001,Facebook,4475.55,15
2026-06-12,C001-AD03,C001,Facebook,4652.93,18
2026-06-12,C001-AD04,C001,Facebook,2004.83,6
2026-06-12,C002-AD01,C002,Facebook,8419.9,23
2026-06-12,C002-AD02,C002,Facebook,2163.28,5
2026-06-12,C003-AD01,C003,Instagram,9677.29,17
2026-06-12,C003-AD02,C003,Instagram,4271.17,10
2026-06-12,C003-AD03,C003,Instagram,4709.35,13
2026-06-12,C003-AD04,C003,Instagram,6910.11,15
2026-06-12,C004-AD01,C004,Google,6228.83,15
2026-06-12,C004-AD02,C004,Google,6245.76,20
2026-06-12,C005-AD01,C005,Google,7559.74,25
2026-06-12,C005-AD02,C005,Google,7131.36,31
2026-06-12,C005-AD03,C005,Google,10334.99,28
2026-06-12,C005-AD04,C005,Google,10373.11,23
2026-06-12,C006-AD01,C006,TikTok,3875.84,9
2026-06-12,C006-AD02,C006,TikTok,9630.11,37
2026-06-12,C006-AD03,C006,TikTok,8037.09,19
2026-06-12,C007-AD01,C007,Referral,0.0,1
2026-06-12,C007-AD02,C007,Referral,0.0,1
2026-06-12,C008-AD01,C008,Email,0.0,2
2026-06-12,C008-AD02,C008,Email,0.0,1
2026-06-12,C009-AD01,C009,Organic,0.0,0
2026-06-12,C009-AD02,C009,Organic,0.0,0
2026-06-13,C001-AD01,C001,Facebook,1978.89,8
2026-06-13,C001-AD02,C001,Facebook,5411.44,16
2026-06-13,C001-AD03,C001,Facebook,5245.09,20
2026-06-13,C001-AD04,C001,Facebook,2602.87,9
2026-06-13,C002-AD01,C002,Facebook,12478.29,33
2026-06-13,C002-AD02,C002,Facebook,1837.35,5
2026-06-13,C003-AD01,C003,Instagram,8862.08,16
2026-06-13,C003-AD02,C003,Instagram,2889.61,6
2026-06-13,C003-AD03,C003,Instagram,4277.43,11
2026-06-13,C003-AD04,C003,Instagram,7126.71,16
2026-06-13,C004-AD01,C004,Google,5609.93,12
2026-06-13,C004-AD02,C004,Google,5283.9,17
2026-06-13,C005-AD01,C005,Google,4218.13,14
2026-06-13,C005-AD02,C005,Google,7884.91,33
2026-06-13,C005-AD03,C005,Google,10954.83,29
2026-06-13,C005-AD04,C005,Google,13263.94,29
2026-06-13,C006-AD01,C006,TikTok,2972.79,8
2026-06-13,C006-AD02,C006,TikTok,8434.23,33
2026-06-13,C006-AD03,C006,TikTok,7233.87,18
2026-06-13,C007-AD01,C007,Referral,0.0,2
2026-06-13,C007-AD02,C007,Referral,0.0,3
2026-06-13,C008-AD01,C008,Email,0.0,2
2026-06-13,C008-AD02,C008,Email,0.0,0
2026-06-13,C009-AD01,C009,Organic,0.0,2
2026-06-13,C009-AD02,C009,Organic,0.0,0
2026-06-14,C001-AD01,C001,Facebook,3115.78,6
2026-06-14,C001-AD02,C001,Facebook,3392.03,10
2026-06-14,C001-AD03,C001,Facebook,4701.43,17
2026-06-14,C001-AD04,C001,Facebook,2224.67,7
2026-06-14,C002-AD01,C002,Facebook,4622.58,12
2026-06-14,C002-AD02,C002,Facebook,2151.35,6
2026-06-14,C003-AD01,C003,Instagram,7351.43,14
2026-06-14,C003-AD02,C003,Instagram,3777.98,9
2026-06-14,C003-AD03,C003,Instagram,3553.38,10
2026-06-14,C003-AD04,C003,Instagram,7838.48,15
2026-06-14,C004-AD01,C004,Google,4796.91,10
2026-06-14,C004-AD02,C004,Google,4222.15,13
2026-06-14,C005-AD01,C005,Google,9319.11,31
2026-06-14,C005-AD02,C005,Google,5421.05,23
2026-06-14,C005-AD03,C005,Google,6902.03,18
2026-06-14,C005-AD04,C005,Google,8315.98,18
2026-06-14,C006-AD01,C006,TikTok,2419.19,6
2026-06-14,C006-AD02,C006,TikTok,7053.66,27
2026-06-14,C006-AD03,C006,TikTok,5488.27,11
2026-06-14,C007-AD01,C007,Referral,0.0,2
2026-06-14,C007-AD02,C007,Referral,0.0,3
2026-06-14,C008-AD01,C008,Email,0.0,2
2026-06-14,C008-AD02,C008,Email,0.0,2
2026-06-14,C009-AD01,C009,Organic,0.0,2
2026-06-14,C009-AD02,C009,Organic,0.0,1
2026-06-15,C001-AD01,C001,Facebook,1485.58,6
2026-06-15,C001-AD02,C001,Facebook,4086.73,14
2026-06-15,C001-AD03,C001,Facebook,3711.24,13
2026-06-15,C001-AD04,C001,Facebook,3375.18,11
2026-06-15,C002-AD01,C002,Facebook,9669.15,28
2026-06-15,C002-AD02,C002,Facebook,1516.22,2
2026-06-15,C003-AD01,C003,Instagram,7927.24,14
2026-06-15,C003-AD02,C003,Instagram,5293.45,13
2026-06-15,C003-AD03,C003,Instagram,3600.09,9
2026-06-15,C003-AD04,C003,Instagram,4448.93,10
2026-06-15,C004-AD01,C004,Google,7698.11,17
2026-06-15,C004-AD02,C004,Google,4532.53,14
2026-06-15,C005-AD01,C005,Google,8636.23,28
2026-06-15,C005-AD02,C005,Google,7634.38,33
2026-06-15,C005-AD03,C005,Google,9422.13,27
2026-06-15,C005-AD04,C005,Google,10849.84,24
2026-06-15,C006-AD01,C006,TikTok,4571.0,11
2026-06-15,C006-AD02,C006,TikTok,6935.81,24
2026-06-15,C006-AD03,C006,TikTok,6228.67,15
2026-06-15,C007-AD01,C007,Referral,0.0,0
2026-06-15,C007-AD02,C007,Referral,0.0,0
2026-06-15,C008-AD01,C008,Email,0.0,2
2026-06-15,C008-AD02,C008,Email,0.0,2
2026-06-15,C009-AD01,C009,Organic,0.0,2
2026-06-15,C009-AD02,C009,Organic,0.0,1
2026-06-16,C001-AD01,C001,Facebook,2329.18,7
2026-06-16,C001-AD02,C001,Facebook,4363.04,13
2026-06-16,C001-AD03,C001,Facebook,5936.88,23
2026-06-16,C001-AD04,C001,Facebook,2065.16,6
2026-06-16,C002-AD01,C002,Facebook,13943.08,38
2026-06-16,C002-AD02,C002,Facebook,2297.18,5
2026-06-16,C003-AD01,C003,Instagram,12511.71,24
2026-06-16,C003-AD02,C003,Instagram,6056.63,16
2026-06-16,C003-AD03,C003,Instagram,1429.89,4
2026-06-16,C003-AD04,C003,Instagram,10040.18,20
2026-06-16,C004-AD01,C004,Google,7953.92,19
2026-06-16,C004-AD02,C004,Google,6187.84,21
2026-06-16,C005-AD01,C005,Google,6455.55,22
2026-06-16,C005-AD02,C005,Google,9701.89,40
2026-06-16,C005-AD03,C005,Google,7030.22,20
2026-06-16,C005-AD04,C005,Google,3188.87,4
2026-06-16,C006-AD01,C006,TikTok,2304.1,5
2026-06-16,C006-AD02,C006,TikTok,9667.11,36
2026-06-16,C006-AD03,C006,TikTok,5263.39,11
2026-06-16,C007-AD01,C007,Referral,0.0,2
2026-06-16,C007-AD02,C007,Referral,0.0,3
2026-06-16,C008-AD01,C008,Email,0.0,0
2026-06-16,C008-AD02,C008,Email,0.0,2
2026-06-16,C009-AD01,C009,Organic,0.0,1
2026-06-16,C009-AD02,C009,Organic,0.0,3
2026-06-17,C001-AD01,C001,Facebook,2781.48,8
2026-06-17,C001-AD02,C001,Facebook,4261.29,12
2026-06-17,C001-AD03,C001,Facebook,6886.38,27
2026-06-17,C001-AD04,C001,Facebook,2705.39,8
2026-06-17,C002-AD01,C002,Facebook,9754.53,29
2026-06-17,C002-AD02,C002,Facebook,1811.44,2
2026-06-17,C003-AD01,C003,Instagram,7374.74,12
2026-06-17,C003-AD02,C003,Instagram,6469.29,16
2026-06-17,C003-AD03,C003,Instagram,3520.28,10
2026-06-17,C003-AD04,C003,Instagram,5777.08,13
2026-06-17,C004-AD01,C004,Google,7016.08,18
2026-06-17,C004-AD02,C004,Google,9452.37,27
2026-06-17,C005-AD01,C005,Google,8571.08,28
2026-06-17,C005-AD02,C005,Google,6557.48,29
2026-06-17,C005-AD03,C005,Google,10396.12,27
2026-06-17,C005-AD04,C005,Google,11443.63,27
2026-06-17,C006-AD01,C006,TikTok,5262.46,12
2026-06-17,C006-AD02,C006,TikTok,6433.76,24
2026-06-17,C006-AD03,C006,TikTok,12447.7,28
2026-06-17,C007-AD01,C007,Referral,0.0,0
2026-06-17,C007-AD02,C007,Referral,0.0,1
2026-06-17,C008-AD01,C008,Email,0.0,3
2026-06-17,C008-AD02,C008,Email,0.0,2
2026-06-17,C009-AD01,C009,Organic,0.0,1
2026-06-17,C009-AD02,C009,Organic,0.0,0
2026-06-18,C001-AD01,C001,Facebook,1373.53,4
2026-06-18,C001-AD02,C001,Facebook,5538.65,18
2026-06-18,C001-AD03,C001,Facebook,7090.64,26
2026-06-18,C001-AD04,C001,Facebook,2477.34,7
2026-06-18,C002-AD01,C002,Facebook,11646.85,33
2026-06-18,C002-AD02,C002,Facebook,2707.74,6
2026-06-18,C003-AD01,C003,Instagram,12873.85,21
2026-06-18,C003-AD02,C003,Instagram,4930.39,13
2026-06-18,C003-AD03,C003,Instagram,2567.66,6
2026-06-18,C003-AD04,C003,Instagram,12849.37,25
2026-06-18,C004-AD01,C004,Google,5390.45,13
2026-06-18,C004-AD02,C004,Google,4650.26,14
2026-06-18,C005-AD01,C005,Google,8102.69,29
2026-06-18,C005-AD02,C005,Google,10154.5,45
2026-06-18,C005-AD03,C005,Google,10355.48,30
2026-06-18,C005-AD04,C005,Google,11468.02,27
2026-06-18,C006-AD01,C006,TikTok,3129.95,8
2026-06-18,C006-AD02,C006,TikTok,6429.46,23
2026-06-18,C006-AD03,C006,TikTok,7805.27,18
2026-06-18,C007-AD01,C007,Referral,0.0,0
2026-06-18,C007-AD02,C007,Referral,0.0,1
2026-06-18,C008-AD01,C008,Email,0.0,1
2026-06-18,C008-AD02,C008,Email,0.0,2
2026-06-18,C009-AD01,C009,Organic,0.0,2
2026-06-18,C009-AD02,C009,Organic,0.0,3
2026-06-19,C001-AD01,C001,Facebook,1641.24,6
2026-06-19,C001-AD02,C001,Facebook,6083.88,19
2026-06-19,C001-AD03,C001,Facebook,6780.98,26
2026-06-19,C001-AD04,C001,Facebook,2270.79,6
2026-06-19,C002-AD01,C002,Facebook,5936.6,16
2026-06-19,C002-AD02,C002,Facebook,1443.47,3
2026-06-19,C003-AD01,C003,Instagram,9550.99,15
2026-06-19,C003-AD02,C003,Instagram,2804.47,7
2026-06-19,C003-AD03,C003,Instagram,3057.68,9
2026-06-19,C003-AD04,C003,Instagram,6221.02,12
2026-06-19,C004-AD01,C004,Google,4171.07,9
2026-06-19,C004-AD02,C004,Google,2357.64,6
2026-06-19,C005-AD01,C005,Google,5960.9,21
2026-06-19,C005-AD02,C005,Google,7906.88,35
2026-06-19,C005-AD03,C005,Google,8757.2,23
2026-06-19,C005-AD04,C005,Google,4837.0,10
2026-06-19,C006-AD01,C006,TikTok,4041.67,9
2026-06-19,C006-AD02,C006,TikTok,8588.55,33
2026-06-19,C006-AD03,C006,TikTok,5445.28,12
2026-06-19,C007-AD01,C007,Referral,0.0,3
2026-06-19,C007-AD02,C007,Referral,0.0,4
2026-06-19,C008-AD01,C008,Email,0.0,3
2026-06-19,C008-AD02,C008,Email,0.0,1
2026-06-19,C009-AD01,C009,Organic,0.0,0
2026-06-19,C009-AD02,C009,Organic,0.0,2
2026-06-20,C001-AD01,C001,Facebook,1716.15,5
2026-06-20,C001-AD02,C001,Facebook,2916.85,11
2026-06-20,C001-AD03,C001,Facebook,3455.53,13
2026-06-20,C001-AD04,C001,Facebook,1933.73,5
2026-06-20,C002-AD01,C002,Facebook,12135.66,34
2026-06-20,C002-AD02,C002,Facebook,2264.04,5
2026-06-20,C003-AD01,C003,Instagram,12970.64,21
2026-06-20,C003-AD02,C003,Instagram,6030.51,15
2026-06-20,C003-AD03,C003,Instagram,3487.86,9
2026-06-20,C003-AD04,C003,Instagram,3975.81,9
2026-06-20,C004-AD01,C004,Google,4951.04,12
2026-06-20,C004-AD02,C004,Google,3590.57,10
2026-06-20,C005-AD01,C005,Google,4656.02,14
2026-06-20,C005-AD02,C005,Google,3993.59,17
2026-06-20,C005-AD03,C005,Google,7647.2,20
2026-06-20,C005-AD04,C005,Google,9815.65,23
2026-06-20,C006-AD01,C006,TikTok,3155.83,8
2026-06-20,C006-AD02,C006,TikTok,5745.36,22
2026-06-20,C006-AD03,C006,TikTok,5324.91,12
2026-06-20,C007-AD01,C007,Referral,0.0,1
2026-06-20,C007-AD02,C007,Referral,0.0,2
2026-06-20,C008-AD01,C008,Email,0.0,0
2026-06-20,C008-AD02,C008,Email,0.0,2
2026-06-20,C009-AD01,C009,Organic,0.0,2
2026-06-20,C009-AD02,C009,Organic,0.0,2
2026-06-21,C001-AD01,C001,Facebook,2425.43,7
2026-06-21,C001-AD02,C001,Facebook,3566.94,12
2026-06-21,C001-AD03,C001,Facebook,4524.17,18
2026-06-21,C001-AD04,C001,Facebook,2306.78,6
2026-06-21,C002-AD01,C002,Facebook,4045.97,11
2026-06-21,C002-AD02,C002,Facebook,2067.48,5
2026-06-21,C003-AD01,C003,Instagram,8180.25,16
2026-06-21,C003-AD02,C003,Instagram,4615.5,11
2026-06-21,C003-AD03,C003,Instagram,2450.94,7
2026-06-21,C003-AD04,C003,Instagram,2081.42,6
2026-06-21,C004-AD01,C004,Google,6279.92,14
2026-06-21,C004-AD02,C004,Google,5486.74,18
2026-06-21,C005-AD01,C005,Google,9948.8,33
2026-06-21,C005-AD02,C005,Google,8855.92,39
2026-06-21,C005-AD03,C005,Google,8739.62,22
2026-06-21,C005-AD04,C005,Google,11305.5,24
2026-06-21,C006-AD01,C006,TikTok,1789.83,4
2026-06-21,C006-AD02,C006,TikTok,6781.49,25
2026-06-21,C006-AD03,C006,TikTok,7107.53,17
2026-06-21,C007-AD01,C007,Referral,0.0,2
2026-06-21,C007-AD02,C007,Referral,0.0,1
2026-06-21,C008-AD01,C008,Email,0.0,1
2026-06-21,C008-AD02,C008,Email,0.0,1
2026-06-21,C009-AD01,C009,Organic,0.0,0
2026-06-21,C009-AD02,C009,Organic,0.0,3
2026-06-22,C001-AD01,C001,Facebook,2360.03,7
2026-06-22,C001-AD02,C001,Facebook,4097.62,12
2026-06-22,C001-AD03,C001,Facebook,2558.05,8
2026-06-22,C001-AD04,C001,Facebook,1735.17,4
2026-06-22,C002-AD01,C002,Facebook,10318.96,28
2026-06-22,C002-AD02,C002,Facebook,1720.39,2
2026-06-22,C003-AD01,C003,Instagram,7883.26,14
2026-06-22,C003-AD02,C003,Instagram,3890.44,11
2026-06-22,C003-AD03,C003,Instagram,1795.27,4
2026-06-22,C003-AD04,C003,Instagram,5844.63,12
2026-06-22,C004-AD01,C004,Google,5491.12,14
2026-06-22,C004-AD02,C004,Google,3641.04,11
2026-06-22,C005-AD01,C005,Google,7737.15,25
2026-06-22,C005-AD02,C005,Google,9089.73,39
2026-06-22,C005-AD03,C005,Google,7535.34,20
2026-06-22,C005-AD04,C005,Google,5300.61,10
2026-06-22,C006-AD01,C006,TikTok,3561.2,9
2026-06-22,C006-AD02,C006,TikTok,9559.86,36
2026-06-22,C006-AD03,C006,TikTok,5601.03,13
2026-06-22,C007-AD01,C007,Referral,0.0,2
2026-06-22,C007-AD02,C007,Referral,0.0,1
2026-06-22,C008-AD01,C008,Email,0.0,1
2026-06-22,C008-AD02,C008,Email,0.0,3
2026-06-22,C009-AD01,C009,Organic,0.0,3
2026-06-22,C009-AD02,C009,Organic,0.0,0
2026-06-23,C001-AD01,C001,Facebook,3640.89,9
2026-06-23,C001-AD02,C001,Facebook,5145.0,15
2026-06-23,C001-AD03,C001,Facebook,4716.7,18
2026-06-23,C001-AD04,C001,Facebook,1731.32,5
2026-06-23,C002-AD01,C002,Facebook,7465.82,22
2026-06-23,C002-AD02,C002,Facebook,2344.01,4
2026-06-23,C003-AD01,C003,Instagram,11375.36,21
2026-06-23,C003-AD02,C003,Instagram,5835.55,16
2026-06-23,C003-AD03,C003,Instagram,3216.15,7
2026-06-23,C003-AD04,C003,Instagram,5854.78,12
2026-06-23,C004-AD01,C004,Google,7149.3,16
2026-06-23,C004-AD02,C004,Google,5640.81,17
2026-06-23,C005-AD01,C005,Google,8122.02,28
2026-06-23,C005-AD02,C005,Google,5897.81,25
2026-06-23,C005-AD03,C005,Google,8828.87,22
2026-06-23,C005-AD04,C005,Google,8607.1,17
2026-06-23,C006-AD01,C006,TikTok,3807.69,11
2026-06-23,C006-AD02,C006,TikTok,6986.79,27
2026-06-23,C006-AD03,C006,TikTok,8393.91,18
2026-06-23,C007-AD01,C007,Referral,0.0,2
2026-06-23,C007-AD02,C007,Referral,0.0,0
2026-06-23,C008-AD01,C008,Email,0.0,1
2026-06-23,C008-AD02,C008,Email,0.0,2
2026-06-23,C009-AD01,C009,Organic,0.0,1
2026-06-23,C009-AD02,C009,Organic,0.0,1
2026-06-24,C001-AD01,C001,Facebook,1522.19,4
2026-06-24,C001-AD02,C001,Facebook,3223.17,12
2026-06-24,C001-AD03,C001,Facebook,6533.18,25
2026-06-24,C001-AD04,C001,Facebook,3297.99,9
2026-06-24,C002-AD01,C002,Facebook,14169.12,38
2026-06-24,C002-AD02,C002,Facebook,1659.72,2
2026-06-24,C003-AD01,C003,Instagram,12396.7,22
2026-06-24,C003-AD02,C003,Instagram,5957.7,16
2026-06-24,C003-AD03,C003,Instagram,3706.37,11
2026-06-24,C003-AD04,C003,Instagram,5133.52,11
2026-06-24,C004-AD01,C004,Google,9201.24,21
2026-06-24,C004-AD02,C004,Google,4137.21,13
2026-06-24,C005-AD01,C005,Google,7776.97,28
2026-06-24,C005-AD02,C005,Google,8135.8,34
2026-06-24,C005-AD03,C005,Google,7352.96,20
2026-06-24,C005-AD04,C005,Google,13021.96,30
2026-06-24,C006-AD01,C006,TikTok,2410.78,5
2026-06-24,C006-AD02,C006,TikTok,7698.46,29
2026-06-24,C006-AD03,C006,TikTok,8086.25,19
2026-06-24,C007-AD01,C007,Referral,0.0,2
2026-06-24,C007-AD02,C007,Referral,0.0,1
2026-06-24,C008-AD01,C008,Email,0.0,1
2026-06-24,C008-AD02,C008,Email,0.0,2
2026-06-24,C009-AD01,C009,Organic,0.0,0
2026-06-24,C009-AD02,C009,Organic,0.0,1
2026-06-25,C001-AD01,C001,Facebook,2673.76,8
2026-06-25,C001-AD02,C001,Facebook,4021.41,13
2026-06-25,C001-AD03,C001,Facebook,3987.34,15
2026-06-25,C001-AD04,C001,Facebook,2963.73,9
2026-06-25,C002-AD01,C002,Facebook,6584.86,19
2026-06-25,C002-AD02,C002,Facebook,3537.4,8
2026-06-25,C003-AD01,C003,Instagram,9834.07,16
2026-06-25,C003-AD02,C003,Instagram,4482.32,11
2026-06-25,C003-AD03,C003,Instagram,3907.82,11
2026-06-25,C003-AD04,C003,Instagram,1752.26,4
2026-06-25,C004-AD01,C004,Google,6464.27,15
2026-06-25,C004-AD02,C004,Google,5484.18,16
2026-06-25,C005-AD01,C005,Google,7733.04,26
2026-06-25,C005-AD02,C005,Google,8171.73,35
2026-06-25,C005-AD03,C005,Google,11096.35,30
2026-06-25,C005-AD04,C005,Google,8365.72,18
2026-06-25,C006-AD01,C006,TikTok,1570.58,5
2026-06-25,C006-AD02,C006,TikTok,6223.38,23
2026-06-25,C006-AD03,C006,TikTok,7339.53,17
2026-06-25,C007-AD01,C007,Referral,0.0,1
2026-06-25,C007-AD02,C007,Referral,0.0,2
2026-06-25,C008-AD01,C008,Email,0.0,2
2026-06-25,C008-AD02,C008,Email,0.0,2
2026-06-25,C009-AD01,C009,Organic,0.0,2
2026-06-25,C009-AD02,C009,Organic,0.0,2
2026-06-26,C001-AD01,C001,Facebook,1845.11,4
2026-06-26,C001-AD02,C001,Facebook,4907.69,15
2026-06-26,C001-AD03,C001,Facebook,3920.51,16
2026-06-26,C001-AD04,C001,Facebook,2177.78,7
2026-06-26,C002-AD01,C002,Facebook,11040.41,31
2026-06-26,C002-AD02,C002,Facebook,2601.56,5
2026-06-26,C003-AD01,C003,Instagram,6878.65,12
2026-06-26,C003-AD02,C003,Instagram,6592.7,17
2026-06-26,C003-AD03,C003,Instagram,4638.67,14
2026-06-26,C003-AD04,C003,Instagram,10031.92,20
2026-06-26,C004-AD01,C004,Google,4672.71,11
2026-06-26,C004-AD02,C004,Google,6513.84,20
2026-06-26,C005-AD01,C005,Google,11732.45,40
2026-06-26,C005-AD02,C005,Google,10345.92,46
2026-06-26,C005-AD03,C005,Google,3442.7,10
2026-06-26,C005-AD04,C005,Google,8157.33,18
2026-06-26,C006-AD01,C006,TikTok,4170.59,9
2026-06-26,C006-AD02,C006,TikTok,6279.05,23
2026-06-26,C006-AD03,C006,TikTok,10377.78,24
2026-06-26,C007-AD01,C007,Referral,0.0,1
2026-06-26,C007-AD02,C007,Referral,0.0,2
2026-06-26,C008-AD01,C008,Email,0.0,3
2026-06-26,C008-AD02,C008,Email,0.0,4
2026-06-26,C009-AD01,C009,Organic,0.0,2
2026-06-26,C009-AD02,C009,Organic,0.0,1
2026-06-27,C001-AD01,C001,Facebook,2184.38,5
2026-06-27,C001-AD02,C001,Facebook,4703.28,13
2026-06-27,C001-AD03,C001,Facebook,5611.29,22
2026-06-27,C001-AD04,C001,Facebook,1658.49,5
2026-06-27,C002-AD01,C002,Facebook,5948.53,16
2026-06-27,C002-AD02,C002,Facebook,1675.27,3
2026-06-27,C003-AD01,C003,Instagram,8101.41,15
2026-06-27,C003-AD02,C003,Instagram,5348.36,13
2026-06-27,C003-AD03,C003,Instagram,3345.02,9
2026-06-27,C003-AD04,C003,Instagram,6760.12,14
2026-06-27,C004-AD01,C004,Google,6710.88,15
2026-06-27,C004-AD02,C004,Google,4365.42,14
2026-06-27,C005-AD01,C005,Google,8110.06,25
2026-06-27,C005-AD02,C005,Google,7108.62,29
2026-06-27,C005-AD03,C005,Google,7304.41,20
2026-06-27,C005-AD04,C005,Google,9190.7,19
2026-06-27,C006-AD01,C006,TikTok,3140.75,7
2026-06-27,C006-AD02,C006,TikTok,4451.14,18
2026-06-27,C006-AD03,C006,TikTok,8424.24,20
2026-06-27,C007-AD01,C007,Referral,0.0,2
2026-06-27,C007-AD02,C007,Referral,0.0,0
2026-06-27,C008-AD01,C008,Email,0.0,1
2026-06-27,C008-AD02,C008,Email,0.0,1
2026-06-27,C009-AD01,C009,Organic,0.0,1
2026-06-27,C009-AD02,C009,Organic,0.0,2
2026-06-28,C001-AD01,C001,Facebook,2016.6,6
2026-06-28,C001-AD02,C001,Facebook,3735.29,13
2026-06-28,C001-AD03,C001,Facebook,5295.42,19
2026-06-28,C001-AD04,C001,Facebook,582.2,2
2026-06-28,C002-AD01,C002,Facebook,7104.42,21
2026-06-28,C002-AD02,C002,Facebook,1607.36,4
2026-06-28,C003-AD01,C003,Instagram,10847.63,19
2026-06-28,C003-AD02,C003,Instagram,1278.74,3
2026-06-28,C003-AD03,C003,Instagram,1412.57,3
2026-06-28,C003-AD04,C003,Instagram,6566.1,12
2026-06-28,C004-AD01,C004,Google,9739.73,22
2026-06-28,C004-AD02,C004,Google,4123.63,14
2026-06-28,C005-AD01,C005,Google,6718.4,23
2026-06-28,C005-AD02,C005,Google,6021.65,26
2026-06-28,C005-AD03,C005,Google,6923.34,18
2026-06-28,C005-AD04,C005,Google,8377.18,18
2026-06-28,C006-AD01,C006,TikTok,3494.43,6
2026-06-28,C006-AD02,C006,TikTok,6956.26,25
2026-06-28,C006-AD03,C006,TikTok,7123.21,16
2026-06-28,C007-AD01,C007,Referral,0.0,0
2026-06-28,C007-AD02,C007,Referral,0.0,2
2026-06-28,C008-AD01,C008,Email,0.0,0
2026-06-28,C008-AD02,C008,Email,0.0,0
2026-06-28,C009-AD01,C009,Organic,0.0,3
2026-06-28,C009-AD02,C009,Organic,0.0,4
2026-06-29,C001-AD01,C001,Facebook,2206.13,5
2026-06-29,C001-AD02,C001,Facebook,3738.16,12
2026-06-29,C001-AD03,C001,Facebook,5567.45,20
2026-06-29,C001-AD04,C001,Facebook,2804.95,10
2026-06-29,C002-AD01,C002,Facebook,9055.33,24
2026-06-29,C002-AD02,C002,Facebook,2638.94,6
2026-06-29,C003-AD01,C003,Instagram,9346.12,15
2026-06-29,C003-AD02,C003,Instagram,5339.54,14
2026-06-29,C003-AD03,C003,Instagram,3666.13,9
2026-06-29,C003-AD04,C003,Instagram,5718.08,11
2026-06-29,C004-AD01,C004,Google,9586.83,22
2026-06-29,C004-AD02,C004,Google,3690.43,14
2026-06-29,C005-AD01,C005,Google,8742.51,29
2026-06-29,C005-AD02,C005,Google,8940.65,38
2026-06-29,C005-AD03,C005,Google,6019.65,16
2026-06-29,C005-AD04,C005,Google,11469.97,25
2026-06-29,C006-AD01,C006,TikTok,3232.47,8
2026-06-29,C006-AD02,C006,TikTok,7120.64,26
2026-06-29,C006-AD03,C006,TikTok,9631.01,22
2026-06-29,C007-AD01,C007,Referral,0.0,3
2026-06-29,C007-AD02,C007,Referral,0.0,3
2026-06-29,C008-AD01,C008,Email,0.0,2
2026-06-29,C008-AD02,C008,Email,0.0,2
2026-06-29,C009-AD01,C009,Organic,0.0,2
2026-06-29,C009-AD02,C009,Organic,0.0,3
2026-06-30,C001-AD01,C001,Facebook,2170.86,7
2026-06-30,C001-AD02,C001,Facebook,6434.27,19
2026-06-30,C001-AD03,C001,Facebook,4672.67,17
2026-06-30,C001-AD04,C001,Facebook,1318.51,3
2026-06-30,C002-AD01,C002,Facebook,7798.51,22
2026-06-30,C002-AD02,C002,Facebook,2994.95,5
2026-06-30,C003-AD01,C003,Instagram,6696.89,14
2026-06-30,C003-AD02,C003,Instagram,5590.61,15
2026-06-30,C003-AD03,C003,Instagram,3802.23,10
2026-06-30,C003-AD04,C003,Instagram,5956.17,12
2026-06-30,C004-AD01,C004,Google,8718.64,19
2026-06-30,C004-AD02,C004,Google,2974.38,10
2026-06-30,C005-AD01,C005,Google,11033.29,37
2026-06-30,C005-AD02,C005,Google,5645.15,25
2026-06-30,C005-AD03,C005,Google,5410.37,16
2026-06-30,C005-AD04,C005,Google,7798.4,17
2026-06-30,C006-AD01,C006,TikTok,2684.54,7
2026-06-30,C006-AD02,C006,TikTok,5444.4,21
2026-06-30,C006-AD03,C006,TikTok,6848.92,15
2026-06-30,C007-AD01,C007,Referral,0.0,3
2026-06-30,C007-AD02,C007,Referral,0.0,2
2026-06-30,C008-AD01,C008,Email,0.0,0
2026-06-30,C008-AD02,C008,Email,0.0,1
2026-06-30,C009-AD01,C009,Organic,0.0,0
2026-06-30,C009-AD02,C009,Organic,0.0,0
2026-07-01,C001-AD01,C001,Facebook,2121.2,5
2026-07-01,C001-AD02,C001,Facebook,2567.64,7
2026-07-01,C001-AD03,C001,Facebook,7752.7,29
2026-07-01,C001-AD04,C001,Facebook,1349.47,5
2026-07-01,C002-AD01,C002,Facebook,15544.8,40
2026-07-01,C002-AD02,C002,Facebook,1804.61,4
2026-07-01,C003-AD01,C003,Instagram,6947.92,12
2026-07-01,C003-AD02,C003,Instagram,7149.65,18
2026-07-01,C003-AD03,C003,Instagram,3442.84,10
2026-07-01,C003-AD04,C003,Instagram,8286.31,17
2026-07-01,C004-AD01,C004,Google,7908.03,16
2026-07-01,C004-AD02,C004,Google,5502.73,17
2026-07-01,C005-AD01,C005,Google,5011.4,16
2026-07-01,C005-AD02,C005,Google,10485.77,45
2026-07-01,C005-AD03,C005,Google,9272.89,24
2026-07-01,C005-AD04,C005,Google,8438.41,18
2026-07-01,C006-AD01,C006,TikTok,4575.89,11
2026-07-01,C006-AD02,C006,TikTok,8787.23,32
2026-07-01,C006-AD03,C006,TikTok,11443.34,27
2026-07-01,C007-AD01,C007,Referral,0.0,2
2026-07-01,C007-AD02,C007,Referral,0.0,4
2026-07-01,C008-AD01,C008,Email,0.0,0
2026-07-01,C008-AD02,C008,Email,0.0,1
2026-07-01,C009-AD01,C009,Organic,0.0,1
2026-07-01,C009-AD02,C009,Organic,0.0,2
2026-07-02,C001-AD01,C001,Facebook,3270.75,8
2026-07-02,C001-AD02,C001,Facebook,4798.55,14
2026-07-02,C001-AD03,C001,Facebook,7910.02,31
2026-07-02,C001-AD04,C001,Facebook,1753.88,4
2026-07-02,C002-AD01,C002,Facebook,9884.34,27
2026-07-02,C002-AD02,C002,Facebook,2457.64,6
2026-07-02,C003-AD01,C003,Instagram,10384.79,17
2026-07-02,C003-AD02,C003,Instagram,5564.21,14
2026-07-02,C003-AD03,C003,Instagram,2243.73,7
2026-07-02,C003-AD04,C003,Instagram,10172.22,19
2026-07-02,C004-AD01,C004,Google,8257.41,19
2026-07-02,C004-AD02,C004,Google,3289.72,10
2026-07-02,C005-AD01,C005,Google,9655.87,33
2026-07-02,C005-AD02,C005,Google,7981.01,33
2026-07-02,C005-AD03,C005,Google,6991.96,18
2026-07-02,C005-AD04,C005,Google,9762.7,21
2026-07-02,C006-AD01,C006,TikTok,3944.5,8
2026-07-02,C006-AD02,C006,TikTok,8370.82,30
2026-07-02,C006-AD03,C006,TikTok,6109.79,14
2026-07-02,C007-AD01,C007,Referral,0.0,2
2026-07-02,C007-AD02,C007,Referral,0.0,2
2026-07-02,C008-AD01,C008,Email,0.0,0
2026-07-02,C008-AD02,C008,Email,0.0,4
2026-07-02,C009-AD01,C009,Organic,0.0,0
2026-07-02,C009-AD02,C009,Organic,0.0,2
2026-07-03,C001-AD01,C001,Facebook,2377.66,4
2026-07-03,C001-AD02,C001,Facebook,3470.44,11
2026-07-03,C001-AD03,C001,Facebook,7857.48,31
2026-07-03,C001-AD04,C001,Facebook,3249.66,9
2026-07-03,C002-AD01,C002,Facebook,10162.13,30
2026-07-03,C002-AD02,C002,Facebook,1866.84,4
2026-07-03,C003-AD01,C003,Instagram,11080.21,21
2026-07-03,C003-AD02,C003,Instagram,6859.39,17
2026-07-03,C003-AD03,C003,Instagram,3570.74,9
2026-07-03,C003-AD04,C003,Instagram,9054.26,18
2026-07-03,C004-AD01,C004,Google,8156.04,20
2026-07-03,C004-AD02,C004,Google,5373.37,16
2026-07-03,C005-AD01,C005,Google,8101.6,27
2026-07-03,C005-AD02,C005,Google,8865.07,40
2026-07-03,C005-AD03,C005,Google,6285.41,17
2026-07-03,C005-AD04,C005,Google,4545.65,10
2026-07-03,C006-AD01,C006,TikTok,4626.34,10
2026-07-03,C006-AD02,C006,TikTok,9298.38,35
2026-07-03,C006-AD03,C006,TikTok,4458.54,10
2026-07-03,C007-AD01,C007,Referral,0.0,0
2026-07-03,C007-AD02,C007,Referral,0.0,2
2026-07-03,C008-AD01,C008,Email,0.0,2
2026-07-03,C008-AD02,C008,Email,0.0,2
2026-07-03,C009-AD01,C009,Organic,0.0,2
2026-07-03,C009-AD02,C009,Organic,0.0,0
2026-07-04,C001-AD01,C001,Facebook,2380.03,5
2026-07-04,C001-AD02,C001,Facebook,5009.86,18
2026-07-04,C001-AD03,C001,Facebook,6399.61,26
2026-07-04,C001-AD04,C001,Facebook,1205.62,4
2026-07-04,C002-AD01,C002,Facebook,6064.72,16
2026-07-04,C002-AD02,C002,Facebook,2152.63,5
2026-07-04,C003-AD01,C003,Instagram,7300.87,11
2026-07-04,C003-AD02,C003,Instagram,3729.88,10
2026-07-04,C003-AD03,C003,Instagram,2935.53,8
2026-07-04,C003-AD04,C003,Instagram,9409.06,20
2026-07-04,C004-AD01,C004,Google,6859.24,15
2026-07-04,C004-AD02,C004,Google,4511.75,13
2026-07-04,C005-AD01,C005,Google,6451.85,20
2026-07-04,C005-AD02,C005,Google,6506.65,27
2026-07-04,C005-AD03,C005,Google,5714.54,16
2026-07-04,C005-AD04,C005,Google,8892.11,20
2026-07-04,C006-AD01,C006,TikTok,3768.89,9
2026-07-04,C006-AD02,C006,TikTok,2955.38,11
2026-07-04,C006-AD03,C006,TikTok,4560.17,10
2026-07-04,C007-AD01,C007,Referral,0.0,1
2026-07-04,C007-AD02,C007,Referral,0.0,1
2026-07-04,C008-AD01,C008,Email,0.0,2
2026-07-04,C008-AD02,C008,Email,0.0,2
2026-07-04,C009-AD01,C009,Organic,0.0,3
2026-07-04,C009-AD02,C009,Organic,0.0,0
2026-07-05,C001-AD01,C001,Facebook,1525.52,4
2026-07-05,C001-AD02,C001,Facebook,4260.43,13
2026-07-05,C001-AD03,C001,Facebook,6068.19,24
2026-07-05,C001-AD04,C001,Facebook,2129.87,7
2026-07-05,C002-AD01,C002,Facebook,6576.41,18
2026-07-05,C002-AD02,C002,Facebook,2232.54,5
2026-07-05,C003-AD01,C003,Instagram,8893.06,16
2026-07-05,C003-AD02,C003,Instagram,3707.37,10
2026-07-05,C003-AD03,C003,Instagram,3206.65,8
2026-07-05,C003-AD04,C003,Instagram,8806.54,17
2026-07-05,C004-AD01,C004,Google,5714.25,13
2026-07-05,C004-AD02,C004,Google,4977.73,17
2026-07-05,C005-AD01,C005,Google,4599.4,17
2026-07-05,C005-AD02,C005,Google,6004.65,25
2026-07-05,C005-AD03,C005,Google,6982.96,20
2026-07-05,C005-AD04,C005,Google,11616.46,26
2026-07-05,C006-AD01,C006,TikTok,3150.58,8
2026-07-05,C006-AD02,C006,TikTok,7018.53,27
2026-07-05,C006-AD03,C006,TikTok,6528.28,14
2026-07-05,C007-AD01,C007,Referral,0.0,3
2026-07-05,C007-AD02,C007,Referral,0.0,2
2026-07-05,C008-AD01,C008,Email,0.0,1
2026-07-05,C008-AD02,C008,Email,0.0,2
2026-07-05,C009-AD01,C009,Organic,0.0,2
2026-07-05,C009-AD02,C009,Organic,0.0,1
2026-07-06,C001-AD01,C001,Facebook,3128.68,8
2026-07-06,C001-AD02,C001,Facebook,6096.36,21
2026-07-06,C001-AD03,C001,Facebook,4164.21,15
2026-07-06,C001-AD04,C001,Facebook,1948.05,5
2026-07-06,C002-AD01,C002,Facebook,11634.62,32
2026-07-06,C002-AD02,C002,Facebook,2546.68,6
2026-07-06,C003-AD01,C003,Instagram,10286.2,17
2026-07-06,C003-AD02,C003,Instagram,5064.18,12
2026-07-06,C003-AD03,C003,Instagram,2029.59,6
2026-07-06,C003-AD04,C003,Instagram,5797.49,12
2026-07-06,C004-AD01,C004,Google,6998.39,17
2026-07-06,C004-AD02,C004,Google,5436.81,20
2026-07-06,C005-AD01,C005,Google,8477.17,27
2026-07-06,C005-AD02,C005,Google,5938.69,23
2026-07-06,C005-AD03,C005,Google,5015.62,11
2026-07-06,C005-AD04,C005,Google,11241.25,25
2026-07-06,C006-AD01,C006,TikTok,3152.39,7
2026-07-06,C006-AD02,C006,TikTok,9871.82,37
2026-07-06,C006-AD03,C006,TikTok,7262.27,17
2026-07-06,C007-AD01,C007,Referral,0.0,1
2026-07-06,C007-AD02,C007,Referral,0.0,1
2026-07-06,C008-AD01,C008,Email,0.0,2
2026-07-06,C008-AD02,C008,Email,0.0,2
2026-07-06,C009-AD01,C009,Organic,0.0,3
2026-07-06,C009-AD02,C009,Organic,0.0,3
2026-07-07,C001-AD01,C001,Facebook,2009.92,4
2026-07-07,C001-AD02,C001,Facebook,5123.48,17
2026-07-07,C001-AD03,C001,Facebook,6256.22,24
2026-07-07,C001-AD04,C001,Facebook,2548.97,10
2026-07-07,C002-AD01,C002,Facebook,10474.59,29
2026-07-07,C002-AD02,C002,Facebook,2656.33,6
2026-07-07,C003-AD01,C003,Instagram,6478.38,13
2026-07-07,C003-AD02,C003,Instagram,4440.71,10
2026-07-07,C003-AD03,C003,Instagram,4340.24,11
2026-07-07,C003-AD04,C003,Instagram,6586.92,12
2026-07-07,C004-AD01,C004,Google,7253.06,18
2026-07-07,C004-AD02,C004,Google,7156.68,21
2026-07-07,C005-AD01,C005,Google,6783.54,21
2026-07-07,C005-AD02,C005,Google,11778.97,50
2026-07-07,C005-AD03,C005,Google,7985.71,22
2026-07-07,C005-AD04,C005,Google,12804.87,28
2026-07-07,C006-AD01,C006,TikTok,3755.5,9
2026-07-07,C006-AD02,C006,TikTok,7739.5,27
2026-07-07,C006-AD03,C006,TikTok,8226.98,19
2026-07-07,C007-AD01,C007,Referral,0.0,3
2026-07-07,C007-AD02,C007,Referral,0.0,1
2026-07-07,C008-AD01,C008,Email,0.0,0
2026-07-07,C008-AD02,C008,Email,0.0,1
2026-07-07,C009-AD01,C009,Organic,0.0,2
2026-07-07,C009-AD02,C009,Organic,0.0,2
2026-07-08,C001-AD01,C001,Facebook,1371.43,2
2026-07-08,C001-AD02,C001,Facebook,4740.25,15
2026-07-08,C001-AD03,C001,Facebook,6067.92,23
2026-07-08,C001-AD04,C001,Facebook,1919.02,7
2026-07-08,C002-AD01,C002,Facebook,11556.97,34
2026-07-08,C002-AD02,C002,Facebook,2122.11,5
2026-07-08,C003-AD01,C003,Instagram,9115.32,15
2026-07-08,C003-AD02,C003,Instagram,4333.83,12
2026-07-08,C003-AD03,C003,Instagram,3068.72,10
2026-07-08,C003-AD04,C003,Instagram,7075.48,14
2026-07-08,C004-AD01,C004,Google,6735.33,15
2026-07-08,C004-AD02,C004,Google,3771.91,10
2026-07-08,C005-AD01,C005,Google,3559.94,10
2026-07-08,C005-AD02,C005,Google,6613.52,26
2026-07-08,C005-AD03,C005,Google,7382.17,21
2026-07-08,C005-AD04,C005,Google,10530.62,22
2026-07-08,C006-AD01,C006,TikTok,3731.02,10
2026-07-08,C006-AD02,C006,TikTok,8815.09,32
2026-07-08,C006-AD03,C006,TikTok,11511.32,26
2026-07-08,C007-AD01,C007,Referral,0.0,3
2026-07-08,C007-AD02,C007,Referral,0.0,2
2026-07-08,C008-AD01,C008,Email,0.0,1
2026-07-08,C008-AD02,C008,Email,0.0,1
2026-07-08,C009-AD01,C009,Organic,0.0,2
2026-07-08,C009-AD02,C009,Organic,0.0,0
2026-07-09,C001-AD01,C001,Facebook,3013.0,7
2026-07-09,C001-AD02,C001,Facebook,5004.07,16
2026-07-09,C001-AD03,C001,Facebook,4788.3,18
2026-07-09,C001-AD04,C001,Facebook,2660.53,8
2026-07-09,C002-AD01,C002,Facebook,11205.4,32
2026-07-09,C002-AD02,C002,Facebook,2152.46,4
2026-07-09,C003-AD01,C003,Instagram,11154.48,21
2026-07-09,C003-AD02,C003,Instagram,5624.87,14
2026-07-09,C003-AD03,C003,Instagram,3496.23,12
2026-07-09,C003-AD04,C003,Instagram,9024.32,19
2026-07-09,C004-AD01,C004,Google,7864.06,20
2026-07-09,C004-AD02,C004,Google,6023.38,18
2026-07-09,C005-AD01,C005,Google,7326.44,25
2026-07-09,C005-AD02,C005,Google,5452.33,22
2026-07-09,C005-AD03,C005,Google,10386.33,26
2026-07-09,C005-AD04,C005,Google,8282.41,18
2026-07-09,C006-AD01,C006,TikTok,4526.87,12
2026-07-09,C006-AD02,C006,TikTok,7030.48,25
2026-07-09,C006-AD03,C006,TikTok,7065.62,15
2026-07-09,C007-AD01,C007,Referral,0.0,2
2026-07-09,C007-AD02,C007,Referral,0.0,1
2026-07-09,C008-AD01,C008,Email,0.0,2
2026-07-09,C008-AD02,C008,Email,0.0,2
2026-07-09,C009-AD01,C009,Organic,0.0,3
2026-07-09,C009-AD02,C009,Organic,0.0,1
2026-07-10,C001-AD01,C001,Facebook,2965.42,8
2026-07-10,C001-AD02,C001,Facebook,4476.28,14
2026-07-10,C001-AD03,C001,Facebook,6478.12,24
2026-07-10,C001-AD04,C001,Facebook,2184.08,7
2026-07-10,C002-AD01,C002,Facebook,8405.17,22
2026-07-10,C002-AD02,C002,Facebook,3321.53,7
2026-07-10,C003-AD01,C003,Instagram,12600.32,22
2026-07-10,C003-AD02,C003,Instagram,6066.87,14
2026-07-10,C003-AD03,C003,Instagram,3447.33,10
2026-07-10,C003-AD04,C003,Instagram,9255.52,18
2026-07-10,C004-AD01,C004,Google,5128.67,12
2026-07-10,C004-AD02,C004,Google,5177.75,14
2026-07-10,C005-AD01,C005,Google,7444.27,25
2026-07-10,C005-AD02,C005,Google,9403.25,40
2026-07-10,C005-AD03,C005,Google,8378.59,21
2026-07-10,C005-AD04,C005,Google,10072.01,23
2026-07-10,C006-AD01,C006,TikTok,4193.33,11
2026-07-10,C006-AD02,C006,TikTok,6412.34,25
2026-07-10,C006-AD03,C006,TikTok,5748.39,14
2026-07-10,C007-AD01,C007,Referral,0.0,0
2026-07-10,C007-AD02,C007,Referral,0.0,3
2026-07-10,C008-AD01,C008,Email,0.0,4
2026-07-10,C008-AD02,C008,Email,0.0,3
2026-07-10,C009-AD01,C009,Organic,0.0,3
2026-07-10,C009-AD02,C009,Organic,0.0,0
2026-07-11,C001-AD01,C001,Facebook,1656.48,6
2026-07-11,C001-AD02,C001,Facebook,2809.54,8
2026-07-11,C001-AD03,C001,Facebook,3102.6,13
2026-07-11,C001-AD04,C001,Facebook,2164.9,7
2026-07-11,C002-AD01,C002,Facebook,9254.02,25
2026-07-11,C002-AD02,C002,Facebook,1772.96,4
2026-07-11,C003-AD01,C003,Instagram,10396.86,19
2026-07-11,C003-AD02,C003,Instagram,4123.65,10
2026-07-11,C003-AD03,C003,Instagram,2760.97,8
2026-07-11,C003-AD04,C003,Instagram,5547.25,12
2026-07-11,C004-AD01,C004,Google,6121.83,13
2026-07-11,C004-AD02,C004,Google,5358.13,17
2026-07-11,C005-AD01,C005,Google,6391.26,21
2026-07-11,C005-AD02,C005,Google,6623.87,26
2026-07-11,C005-AD03,C005,Google,6140.21,16
2026-07-11,C005-AD04,C005,Google,11817.88,25
2026-07-11,C006-AD01,C006,TikTok,2421.48,7
2026-07-11,C006-AD02,C006,TikTok,7061.05,26
2026-07-11,C006-AD03,C006,TikTok,4576.77,11
2026-07-11,C007-AD01,C007,Referral,0.0,3
2026-07-11,C007-AD02,C007,Referral,0.0,3
2026-07-11,C008-AD01,C008,Email,0.0,2
2026-07-11,C008-AD02,C008,Email,0.0,2
2026-07-11,C009-AD01,C009,Organic,0.0,4
2026-07-11,C009-AD02,C009,Organic,0.0,0
2026-07-12,C001-AD01,C001,Facebook,3158.99,10
2026-07-12,C001-AD02,C001,Facebook,3005.52,9
2026-07-12,C001-AD03,C001,Facebook,3517.99,14
2026-07-12,C001-AD04,C001,Facebook,1305.34,2
2026-07-12,C002-AD01,C002,Facebook,9104.46,26
2026-07-12,C002-AD02,C002,Facebook,1491.05,3
2026-07-12,C003-AD01,C003,Instagram,9584.47,18
2026-07-12,C003-AD02,C003,Instagram,7126.06,18
2026-07-12,C003-AD03,C003,Instagram,1890.64,7
2026-07-12,C003-AD04,C003,Instagram,6407.78,14
2026-07-12,C004-AD01,C004,Google,5863.58,13
2026-07-12,C004-AD02,C004,Google,4368.79,14
2026-07-12,C005-AD01,C005,Google,6714.76,22
2026-07-12,C005-AD02,C005,Google,3279.06,12
2026-07-12,C005-AD03,C005,Google,4693.81,14
2026-07-12,C005-AD04,C005,Google,8294.74,18
2026-07-12,C006-AD01,C006,TikTok,2844.71,8
2026-07-12,C006-AD02,C006,TikTok,6592.36,23
2026-07-12,C006-AD03,C006,TikTok,6315.94,14
2026-07-12,C007-AD01,C007,Referral,0.0,4
2026-07-12,C007-AD02,C007,Referral,0.0,3
2026-07-12,C008-AD01,C008,Email,0.0,2
2026-07-12,C008-AD02,C008,Email,0.0,0
2026-07-12,C009-AD01,C009,Organic,0.0,1
2026-07-12,C009-AD02,C009,Organic,0.0,2
2026-07-13,C001-AD01,C001,Facebook,2088.03,4
2026-07-13,C001-AD02,C001,Facebook,4260.51,12
2026-07-13,C001-AD03,C001,Facebook,4996.74,20
2026-07-13,C001-AD04,C001,Facebook,1798.41,3
2026-07-13,C002-AD01,C002,Facebook,13312.76,38
2026-07-13,C002-AD02,C002,Facebook,3391.01,6
2026-07-13,C003-AD01,C003,Instagram,8526.74,15
2026-07-13,C003-AD02,C003,Instagram,7117.18,18
2026-07-13,C003-AD03,C003,Instagram,2469.94,5
2026-07-13,C003-AD04,C003,Instagram,9771.4,19
2026-07-13,C004-AD01,C004,Google,7987.77,18
2026-07-13,C004-AD02,C004,Google,5026.52,16
2026-07-13,C005-AD01,C005,Google,6126.39,19
2026-07-13,C005-AD02,C005,Google,12384.12,52
2026-07-13,C005-AD03,C005,Google,6897.72,19
2026-07-13,C005-AD04,C005,Google,8642.92,19
2026-07-13,C006-AD01,C006,TikTok,3769.34,9
2026-07-13,C006-AD02,C006,TikTok,6979.4,26
2026-07-13,C006-AD03,C006,TikTok,6403.3,15
2026-07-13,C007-AD01,C007,Referral,0.0,1
2026-07-13,C007-AD02,C007,Referral,0.0,1
2026-07-13,C008-AD01,C008,Email,0.0,1
2026-07-13,C008-AD02,C008,Email,0.0,0
2026-07-13,C009-AD01,C009,Organic,0.0,1
2026-07-13,C009-AD02,C009,Organic,0.0,1
2026-07-14,C001-AD01,C001,Facebook,2135.42,4
2026-07-14,C001-AD02,C001,Facebook,5208.52,17
2026-07-14,C001-AD03,C001,Facebook,8024.06,29
2026-07-14,C001-AD04,C001,Facebook,1747.52,5
2026-07-14,C002-AD01,C002,Facebook,10486.43,29
2026-07-14,C002-AD02,C002,Facebook,1918.05,4
2026-07-14,C003-AD01,C003,Instagram,6771.03,13
2026-07-14,C003-AD02,C003,Instagram,6145.02,17
2026-07-14,C003-AD03,C003,Instagram,4126.59,14
2026-07-14,C003-AD04,C003,Instagram,10781.83,21
2026-07-14,C004-AD01,C004,Google,8376.54,20
2026-07-14,C004-AD02,C004,Google,6970.98,21
2026-07-14,C005-AD01,C005,Google,7503.37,26
2026-07-14,C005-AD02,C005,Google,4317.77,19
2026-07-14,C005-AD03,C005,Google,11439.52,30
2026-07-14,C005-AD04,C005,Google,8966.24,20
2026-07-14,C006-AD01,C006,TikTok,3887.18,11
2026-07-14,C006-AD02,C006,TikTok,6212.56,25
2026-07-14,C006-AD03,C006,TikTok,7959.01,20
2026-07-14,C007-AD01,C007,Referral,0.0,2
2026-07-14,C007-AD02,C007,Referral,0.0,2
2026-07-14,C008-AD01,C008,Email,0.0,1
2026-07-14,C008-AD02,C008,Email,0.0,1
2026-07-14,C009-AD01,C009,Organic,0.0,2
2026-07-14,C009-AD02,C009,Organic,0.0,1
2026-07-15,C001-AD01,C001,Facebook,2713.15,7
2026-07-15,C001-AD02,C001,Facebook,4624.39,16
2026-07-15,C001-AD03,C001,Facebook,6090.46,21
2026-07-15,C001-AD04,C001,Facebook,3090.73,10
2026-07-15,C002-AD01,C002,Facebook,10297.47,29
2026-07-15,C002-AD02,C002,Facebook,2478.39,7
2026-07-15,C003-AD01,C003,Instagram,8746.07,15
2026-07-15,C003-AD02,C003,Instagram,3920.07,10
2026-07-15,C003-AD03,C003,Instagram,2508.77,8
2026-07-15,C003-AD04,C003,Instagram,9258.53,18
2026-07-15,C004-AD01,C004,Google,11506.26,27
2026-07-15,C004-AD02,C004,Google,4634.53,14
2026-07-15,C005-AD01,C005,Google,6627.86,22
2026-07-15,C005-AD02,C005,Google,8766.42,38
2026-07-15,C005-AD03,C005,Google,8390.48,23
2026-07-15,C005-AD04,C005,Google,7898.96,19
2026-07-15,C006-AD01,C006,TikTok,4270.14,10
2026-07-15,C006-AD02,C006,TikTok,5047.48,18
2026-07-15,C006-AD03,C006,TikTok,8164.78,20
2026-07-15,C007-AD01,C007,Referral,0.0,2
2026-07-15,C007-AD02,C007,Referral,0.0,3
2026-07-15,C008-AD01,C008,Email,0.0,3
2026-07-15,C008-AD02,C008,Email,0.0,2
2026-07-15,C009-AD01,C009,Organic,0.0,1
2026-07-15,C009-AD02,C009,Organic,0.0,1
